"Player","Pos","Team","1","2","3","4","5","6","7","8","9","10","11","12","13","14","15","16","17","18","TTL","AVG"
"Justin Herbert","QB","LAC","81","71","66","75","75","56","bye","60","69","59","76","71","64","66","80","62","67","93","1191","70.1"
"Ryan Tannehill","QB","TEN","64","88","68","100","64","53","67","72","57","60","81","56","bye","68","80","62","60","68","1168","68.7"
"Patrick Mahomes II","QB","KC","65","51","79","67","86","82","54","81","65","73","68","bye","57","62","72","63","61","78","1164","68.5"
"Josh Allen","QB","BUF","85","63","71","63","57","77","bye","73","67","54","50","63","58","78","70","79","76","77","1161","68.3"
"Tom Brady","QB","TB","65","60","73","78","62","75","65","61","bye","48","69","67","70","83","74","64","74","51","1139","67.0"
"Derek Carr","QB","LV","86","66","83","57","63","56","66","bye","68","54","47","86","59","63","68","69","61","75","1127","66.3"
"Dak Prescott","QB","DAL","83","62","73","61","78","89","bye","0","62","62","67","74","70","85","71","61","64","51","1113","69.6"
"Carson Wentz","QB","IND","76","62","61","71","69","48","68","80","62","64","62","69","62","bye","52","70","58","57","1091","64.2"
"Kirk Cousins","QB","MIN","83","61","75","67","67","89","bye","66","54","79","70","55","76","70","64","63","0","48","1087","67.9"
"Trevor Lawrence","QB","JAC","74","56","68","56","71","66","bye","76","55","66","46","73","58","55","70","73","47","68","1078","63.4"
"Ben Roethlisberger","QB","PIT","58","56","83","60","65","75","bye","74","72","0","69","62","60","74","49","62","81","76","1076","67.3"
"Matthew Stafford","QB","LAR","52","59","65","68","67","56","65","58","78","55","bye","62","63","58","66","70","58","65","1065","62.6"
"Mac Jones","QB","NE","75","59","72","59","64","54","64","77","56","58","64","59","51","bye","68","64","59","62","1065","62.6"
"Cooper Kupp","WR","LAR","49","59","53","65","59","55","63","58","78","55","bye","62","64","52","62","68","58","64","1024","60.2"
"Matt Ryan","QB","ATL","70","66","62","76","78","bye","63","53","59","38","50","60","71","69","59","46","53","50","1023","60.2"
"Taylor Heinicke","QB","WAS","39","71","54","67","83","59","72","70","bye","73","67","84","67","48","0","43","63","59","1019","63.7"
"Justin Jefferson","WR","MIN","76","53","62","59","60","84","bye","47","43","60","63","51","69","67","59","61","54","46","1014","59.6"
"Terry McLaurin","WR","WAS","55","71","52","65","70","56","66","61","bye","70","62","76","62","33","49","55","60","47","1010","59.4"
"Joe Burrow","QB","CIN","69","55","47","58","67","59","56","55","69","bye","74","58","76","67","53","76","68","0","1007","62.9"
"Dalton Schultz","TE","DAL","57","45","52","48","57","75","bye","60","59","51","66","71","67","72","61","55","60","37","993","58.4"
"DJ Moore","WR","CAR","52","67","54","59","62","68","62","61","50","59","48","53","bye","57","69","60","56","55","992","58.4"
"Diontae Johnson","WR","PIT","44","49","0","55","60","69","bye","68","65","75","63","61","57","72","48","65","72","65","988","61.8"
"Darnell Mooney","WR","CHI","69","58","44","41","49","57","57","54","50","bye","54","61","72","57","70","63","56","74","986","58.0"
"Aaron Rodgers","QB","GB","42","62","63","72","64","59","56","73","0","74","58","82","bye","63","62","59","63","31","983","61.4"
"Marvin Jones Jr.","WR","JAC","67","49","66","52","66","57","bye","69","51","56","42","71","49","54","65","60","45","61","980","57.6"
"Najee Harris","RB","PIT","58","53","79","48","42","63","bye","62","59","76","52","36","58","71","49","56","78","40","980","57.6"
"Michael Pittman Jr.","WR","IND","74","60","57","61","61","46","62","77","53","56","52","65","54","bye","28","68","55","50","979","57.6"
"Robbie Anderson","WR","CAR","52","56","47","59","62","64","61","55","54","51","47","51","bye","62","76","67","60","54","978","57.5"
"Stefon Diggs","WR","BUF","79","51","59","53","42","62","bye","55","59","46","43","54","55","69","58","65","60","67","977","57.5"
"Keenan Allen","WR","LAC","67","65","55","66","68","51","bye","59","62","55","62","61","53","0","62","55","49","82","972","60.8"
"Jalen Hurts","QB","PHI","71","58","58","74","67","52","69","51","57","64","78","67","0","bye","71","56","61","0","954","63.6"
"Kyler Murray","QB","ARI","69","61","67","76","61","68","66","59","0","0","0","bye","53","78","64","65","77","76","940","67.1"
"Ja'Marr Chase","WR","CIN","62","51","39","46","61","57","53","52","71","bye","68","52","73","65","51","69","64","5","939","55.2"
"Mark Andrews","TE","BAL","55","57","46","46","56","37","50","bye","77","57","58","55","50","65","56","47","58","66","936","55.1"
"Cole Kmet","TE","CHI","51","47","43","57","51","48","59","63","48","bye","53","60","55","46","69","71","53","61","935","55.0"
"Travis Kelce","TE","KC","55","44","69","59","75","67","53","74","56","58","59","bye","44","49","56","0","48","60","926","57.9"
"Tyler Conklin","TE","MIN","59","49","54","57","50","76","bye","54","47","67","56","44","72","49","47","61","50","32","924","54.4"
"Marquise Brown","WR","BAL","47","55","39","45","66","51","63","bye","80","55","0","61","64","70","62","54","54","58","924","57.8"
"Courtland Sutton","WR","DEN","53","53","51","58","54","71","47","46","65","55","bye","45","68","59","69","33","52","41","920","54.1"
"Jared Goff","QB","DET","92","57","63","71","68","63","69","58","bye","71","0","49","72","63","64","0","0","58","918","65.6"
"Dawson Knox","TE","BUF","48","54","62","58","55","61","bye","0","0","49","55","60","56","75","63","79","67","75","917","61.1"
"DeVonta Smith","WR","PHI","62","49","57","68","62","51","60","44","44","54","72","61","44","bye","62","54","58","14","916","53.9"
"Mike Evans","WR","TB","61","46","61","69","58","70","56","58","bye","48","64","66","65","77","17","0","56","43","915","57.2"
"Jimmy Garoppolo","QB","SF","51","70","67","37","0","bye","56","56","59","68","64","70","58","71","57","59","0","70","913","60.9"
"Brandon Aiyuk","WR","SF","26","38","60","51","46","bye","40","49","55","61","64","63","54","67","56","55","56","65","906","53.3"
"Jakobi Meyers","WR","NE","74","52","69","56","58","34","59","71","55","48","56","52","0","bye","64","48","56","52","904","56.5"
"Jaylen Waddle","WR","MIA","43","47","73","41","43","65","61","65","65","61","55","55","53","bye","0","58","57","61","903","56.4"
"Mike Williams","WR","LAC","61","54","48","64","58","20","bye","54","57","56","60","61","56","59","65","0","56","67","896","56.0"
"Christian Kirk","WR","ARI","39","38","38","56","33","64","51","46","67","47","61","bye","32","58","72","55","69","68","894","52.6"
"A.J. Green","WR","ARI","55","51","53","67","49","68","60","56","0","38","57","bye","36","56","56","56","62","68","888","55.5"
"Davante Adams","WR","GB","40","57","56","63","58","50","48","0","58","70","52","80","bye","58","57","55","62","22","886","55.4"
"Tyler Higbee","TE","LAR","52","59","49","54","56","66","65","46","76","54","bye","62","63","0","0","64","56","61","883","58.9"
"CeeDee Lamb","WR","DAL","61","60","65","49","65","77","bye","65","44","32","36","0","62","57","49","54","56","49","881","55.1"
"Baker Mayfield","QB","CLE","59","61","76","78","72","55","0","59","45","36","74","60","bye","63","0","68","71","0","877","62.6"
"Van Jefferson","WR","LAR","36","54","50","46","39","42","61","56","75","52","bye","61","53","46","61","67","31","45","875","51.5"
"Zach Pascal","WR","IND","69","61","54","58","59","41","57","75","52","57","54","64","54","bye","34","0","34","49","872","54.5"
"Tyreek Hill","WR","KC","57","50","58","54","73","47","52","62","54","56","55","bye","50","44","60","29","52","14","867","51.0"
"Zach Ertz","TE","Multi","41","37","30","37","40","46","35","43","56","45","63","0","41","65","67","63","70","70","849","49.9"
"Tim Patrick","WR","DEN","46","51","51","56","57","72","47","50","48","53","bye","50","67","52","71","36","0","42","849","53.1"
"Teddy Bridgewater","QB","DEN","66","69","67","31","60","81","50","53","78","58","bye","43","77","68","43","0","0","0","844","60.3"
"Noah Fant","TE","DEN","51","53","58","57","58","72","45","41","0","44","bye","53","58","50","60","38","53","52","843","52.7"
"George Kittle","TE","SF","52","70","70","70","0","bye","0","0","43","52","57","65","54","68","55","59","59","66","840","60.0"
"Amari Cooper","WR","DAL","74","60","65","29","57","78","bye","63","36","51","0","0","24","75","66","52","58","46","834","55.6"
"Chris Godwin","WR","TB","64","56","70","73","51","68","61","59","bye","46","62","65","64","78","16","0","0","0","833","59.5"
"Marquez Callaway","WR","NO","52","32","38","56","46","bye","68","59","60","52","50","34","48","50","52","41","49","46","833","49.0"
"Brandin Cooks","WR","HOU","61","56","52","41","50","68","53","54","67","bye","53","47","43","66","49","0","53","18","831","51.9"
"Deebo Samuel","WR","SF","46","49","63","68","56","bye","48","46","54","49","55","46","0","55","46","45","53","50","829","51.8"
"Mike Gesicki","TE","MIA","21","47","55","36","42","49","60","67","59","56","51","59","46","bye","45","49","47","39","828","48.7"
"Chase Claypool","WR","PIT","39","43","76","0","36","63","bye","72","58","0","63","61","38","44","31","59","71","69","823","54.9"
"DK Metcalf","WR","SEA","50","51","47","46","48","49","46","41","bye","45","45","44","62","45","53","49","48","51","820","48.2"
"Tyler Lockett","WR","SEA","46","50","49","48","56","58","48","44","bye","58","45","47","59","46","0","48","60","51","813","50.8"
"Bryan Edwards","WR","LV","57","49","63","51","51","43","59","bye","64","43","39","63","40","39","48","0","46","56","811","50.7"
"Lamar Jackson","QB","BAL","68","76","58","73","73","65","61","bye","98","73","0","81","74","10","0","0","0","0","810","67.5"
"Ezekiel Elliott","RB","DAL","70","44","53","46","47","63","bye","55","33","38","46","47","45","54","44","42","45","37","809","47.6"
"Tyler Boyd","WR","CIN","51","48","37","36","55","45","45","44","59","bye","52","52","57","57","46","69","54","0","807","50.4"
"C.J. Uzomah","TE","CIN","51","40","33","48","56","50","52","47","48","bye","54","45","66","58","42","49","63","0","802","50.1"
"Russell Wilson","QB","SEA","54","54","53","56","40","0","0","0","bye","61","49","47","70","61","57","56","72","58","788","56.3"
"Dallas Goedert","TE","PHI","52","38","34","55","45","0","64","44","53","13","75","64","68","bye","66","53","57","0","781","52.1"
"Tua Tagovailoa","QB","MIA","52","9","0","0","0","69","73","69","0","32","72","74","69","bye","68","61","61","68","777","59.8"
"K.J. Osborn","WR","MIN","67","36","44","42","40","48","bye","38","26","41","36","30","70","60","56","50","51","39","774","45.5"
"Kyle Pitts","TE","ATL","49","57","52","55","54","bye","42","44","44","33","44","47","67","37","49","36","27","37","774","45.5"
"Amon-Ra St. Brown","WR","DET","59","34","27","51","47","49","0","45","bye","43","41","48","69","47","45","59","53","56","773","48.3"
"Sam Darnold","QB","CAR","64","76","73","70","71","74","45","64","59","0","0","0","bye","0","0","44","60","71","771","64.3"
"Quez Watkins","WR","PHI","34","29","38","43","55","40","50","58","55","57","64","55","55","bye","25","51","31","31","771","45.4"
"Jonathan Taylor","RB","IND","42","30","29","36","36","31","47","59","43","54","57","49","55","bye","51","55","41","52","767","45.1"
"Adam Thielen","WR","MIN","78","61","72","66","62","87","bye","65","48","71","66","53","6","0","0","23","0","0","758","58.3"
"Hunter Renfrow","WR","LV","47","29","43","38","50","32","36","bye","45","39","34","64","54","59","54","40","43","51","758","44.6"
"Jalen Reagor","WR","PHI","50","42","50","52","47","43","56","12","29","50","55","45","48","bye","39","32","31","69","750","44.1"
"Emmanuel Sanders","WR","BUF","79","50","63","51","45","71","bye","56","66","35","44","51","46","25","0","65","0","0","747","53.4"
"Davis Mills","QB","HOU","0","35","55","47","59","75","56","61","0","bye","0","0","23","81","59","68","67","57","743","57.2"
"Kalif Raymond","WR","DET","69","36","47","53","46","56","56","49","bye","47","34","39","35","42","45","46","0","42","742","46.4"
"Zach Wilson","QB","NYJ","65","73","54","61","56","bye","18","0","0","0","0","67","59","66","57","58","61","46","741","57.0"
"Hunter Henry","TE","NE","54","48","52","40","40","37","60","50","35","55","32","41","0","bye","55","55","39","42","735","45.9"
"Austin Ekeler","RB","LAC","47","45","49","45","53","34","bye","45","46","42","53","48","47","33","27","0","39","78","731","45.7"
"Evan Engram","TE","NYG","0","0","39","43","50","55","44","47","46","bye","52","54","53","51","55","59","36","38","722","48.1"
"Geoff Swaim","TE","TEN","25","64","44","32","36","38","38","57","42","40","0","46","bye","54","59","39","57","48","719","44.9"
"Devin Singletary","RB","BUF","64","43","34","32","15","35","bye","25","48","22","21","45","28","64","65","54","61","62","718","42.2"
"Tee Higgins","WR","CIN","51","50","0","0","47","41","42","42","57","bye","59","43","60","50","46","64","58","0","710","50.7"
"Nelson Agholor","WR","NE","64","51","58","43","43","32","43","61","54","47","49","50","25","bye","32","0","0","55","707","47.1"
"Donovan Peoples-Jones","WR","CLE","47","46","53","46","49","46","0","0","29","50","0","45","bye","60","52","59","64","53","699","49.9"
"Joe Mixon","RB","CIN","54","46","35","40","19","45","34","42","47","bye","53","49","50","40","31","62","50","0","697","43.6"
"Laviska Shenault Jr.","WR","JAC","52","45","44","42","52","52","bye","52","48","51","29","53","31","45","47","0","13","41","697","43.6"
"Cole Beasley","WR","BUF","77","39","52","36","22","67","bye","52","45","9","32","46","40","63","32","0","37","42","691","43.2"
"Durham Smythe","TE","MIA","38","22","34","21","36","58","29","0","45","41","51","66","42","bye","65","51","41","47","687","42.9"
"Foster Moreau","TE","LV","0","38","47","0","15","25","66","bye","22","21","17","77","50","62","69","65","62","49","685","45.7"
"Pat Freiermuth","TE","PIT","29","33","30","32","32","45","bye","58","51","54","39","47","44","55","22","0","62","50","683","42.7"
"Austin Hooper","TE","CLE","38","42","49","56","52","44","46","38","35","37","48","54","bye","65","0","37","35","0","676","45.1"
"Allen Lazard","WR","GB","39","0","42","57","55","50","51","0","53","44","0","53","bye","53","49","51","56","21","674","48.1"
"Daniel Jones","QB","NYG","61","69","70","63","29","75","72","60","56","bye","58","60","0","0","0","0","0","0","673","61.2"
"Odell Beckham Jr.","WR","Multi","0","0","52","62","58","32","43","43","0","15","0","61","36","42","50","64","57","51","666","47.6"
"Kenny Golladay","WR","NYG","52","58","48","58","24","0","0","0","31","bye","44","46","38","61","57","61","45","43","666","47.6"
"Adam Humphries","WR","WAS","33","50","34","45","51","31","50","44","bye","38","30","32","34","42","34","40","33","37","658","38.7"
"T.J. Hockenson","TE","DET","78","53","53","58","55","52","55","47","bye","67","42","37","61","0","0","0","0","0","658","54.8"
"Gerald Everett","TE","SEA","39","43","42","0","0","31","33","44","bye","46","42","37","54","38","48","47","51","55","650","43.3"
"Jared Cook","TE","LAC","47","42","46","39","50","36","bye","33","29","34","38","37","35","31","43","39","0","65","644","40.3"
"David Montgomery","RB","CHI","41","52","37","36","0","0","0","0","53","bye","56","59","53","52","51","58","45","49","642","49.4"
"Justin Fields","QB","CHI","5","42","45","58","61","61","66","70","62","bye","30","0","0","62","73","0","0","0","635","52.9"
"Rob Gronkowski","TE","TB","57","51","45","0","0","0","0","6","bye","0","46","55","58","73","63","60","70","50","634","52.8"
"Nick Westbrook-Ikhine","WR","TEN","24","16","53","81","0","29","0","23","22","22","54","52","bye","52","71","39","44","50","632","42.1"
"Alvin Kamara","RB","NO","45","37","52","59","49","bye","61","51","52","0","0","0","0","52","37","31","45","56","627","48.2"
"Josh Jacobs","RB","LV","45","0","0","36","46","36","24","bye","34","31","31","57","50","47","45","48","38","57","625","41.7"
"Leonard Fournette","RB","TB","42","31","26","64","46","47","39","37","bye","31","46","54","61","66","33","0","0","0","623","44.5"
"Mecole Hardman","WR","KC","45","40","51","35","59","49","49","40","42","24","12","bye","9","23","31","30","19","65","623","36.6"
"Demarcus Robinson","WR","KC","48","30","57","0","65","57","57","33","14","26","28","bye","31","0","49","46","39","41","621","41.4"
"David Njoku","TE","CLE","35","36","0","52","46","26","42","38","35","35","47","43","bye","0","56","39","51","39","620","41.3"
"Jack Doyle","TE","IND","45","50","35","21","50","31","50","50","42","37","51","42","42","bye","41","0","0","32","619","41.3"
"Allen Robinson II","WR","CHI","63","52","40","40","53","56","62","56","48","bye","0","0","0","48","0","0","46","53","617","51.4"
"Zay Jones","WR","LV","20","0","22","8","12","0","12","bye","66","46","34","60","51","53","59","52","48","71","614","40.9"
"Jalen Guyton","WR","LAC","53","50","41","42","43","40","bye","35","25","18","41","39","34","42","28","0","32","50","613","38.3"
"Mo Alie-Cox","TE","IND","39","27","28","49","31","24","43","39","38","35","28","39","31","bye","40","63","33","22","609","35.8"
"Darren Waller","TE","LV","81","61","66","53","64","46","0","bye","61","49","44","21","0","0","0","0","0","62","608","55.3"
"Dalvin Cook","RB","MIN","59","47","0","33","0","66","bye","47","43","65","53","29","0","54","57","0","29","26","608","46.8"
"A.J. Brown","WR","TEN","52","74","8","0","41","42","42","67","45","49","42","0","bye","0","0","46","40","56","604","46.5"
"Antonio Gibson","RB","WAS","36","43","31","37","47","23","30","23","bye","46","33","57","55","46","43","22","0","32","604","37.8"
"Rashod Bateman","WR","BAL","0","0","0","0","0","45","46","bye","65","40","57","36","33","48","65","48","59","62","604","50.3"
"Devin Duvernay","WR","BAL","39","37","33","33","64","34","36","bye","41","44","44","35","44","49","22","0","30","18","603","37.7"
"Tyler Johnson","WR","TB","3","17","34","17","38","0","49","39","bye","33","57","48","9","49","70","36","49","52","600","37.5"
"James Conner","RB","ARI","34","24","25","33","29","41","21","22","54","45","68","bye","48","75","33","0","0","46","598","39.9"
"Mike Davis","RB","ATL","54","46","37","51","50","bye","38","34","33","20","26","30","38","39","27","26","27","18","594","34.9"
"Freddie Swain","WR","SEA","23","41","45","25","40","51","43","37","bye","41","20","31","32","27","52","29","36","19","592","34.8"
"Ryan Griffin","TE","NYJ","31","45","33","35","51","bye","50","41","48","55","47","56","32","36","23","0","0","0","583","41.6"
"Aaron Jones","RB","GB","28","45","46","45","44","35","41","48","40","34","0","40","bye","29","39","33","31","0","578","38.5"
"Russell Gage","WR","ATL","49","38","0","0","0","bye","40","0","48","35","40","46","53","52","48","40","42","45","576","44.3"
"Myles Gaskin","RB","MIA","29","45","43","12","37","25","46","40","54","42","53","37","44","bye","26","20","15","7","575","33.8"
"Kendrick Bourne","WR","NE","33","32","55","36","32","25","41","23","33","29","29","33","15","bye","48","30","43","36","573","33.7"
"Ian Thomas","TE","CAR","35","52","0","44","45","40","45","46","38","0","32","40","bye","35","42","24","54","0","572","40.9"
"Adam Trautman","TE","NO","51","0","51","39","48","bye","64","66","67","56","44","0","0","0","35","0","0","50","571","51.9"
"Darrel Williams","RB","KC","14","14","27","24","37","59","46","52","35","45","36","bye","26","23","21","29","49","31","568","33.4"
"Chris Conley","WR","HOU","40","55","49","41","54","32","0","25","27","bye","31","0","30","46","38","50","49","0","567","40.5"
"Olamide Zaccheaus","WR","ATL","0","42","43","61","66","bye","12","21","29","23","25","30","43","0","37","40","51","39","562","37.5"
"DeAndre Hopkins","WR","ARI","61","59","61","75","56","67","59","15","0","0","0","bye","39","68","0","0","0","0","560","56.0"
"D'Andre Swift","RB","DET","63","36","35","52","50","49","52","44","bye","66","35","10","0","0","0","0","36","32","560","43.1"
"Byron Pringle","WR","KC","11","11","30","17","26","32","34","43","0","46","40","bye","41","40","46","55","29","55","556","34.8"
"Javonte Williams","RB","DEN","33","28","27","31","25","38","21","23","37","33","bye","36","60","33","44","22","30","30","551","32.4"
"Gabriel Davis","WR","BUF","43","0","23","31","14","26","bye","32","19","30","19","28","16","65","63","0","66","75","550","36.7"
"Kyle Juszczyk","RB","SF","20","41","48","62","42","bye","0","31","24","40","38","44","32","31","30","32","34","0","549","36.6"
"Robert Woods","WR","LAR","40","58","57","65","66","58","63","58","78","0","bye","0","0","0","0","0","0","0","543","60.3"
"Keelan Cole Sr.","WR","NYJ","0","0","27","36","31","bye","26","55","38","32","13","64","0","55","43","43","50","28","541","38.6"
"DeVante Parker","WR","MIA","45","55","64","47","0","0","0","63","0","0","0","0","49","bye","63","46","58","49","539","53.9"
"Jamison Crowder","WR","NYJ","0","0","0","38","34","bye","52","51","61","64","41","33","46","60","51","0","0","7","538","44.8"
"Sony Michel","RB","LAR","3","16","48","7","23","12","8","20","31","14","bye","12","66","58","48","63","57","52","538","31.6"
"Ray-Ray McCloud","WR","PIT","3","1","47","4","34","52","bye","11","26","61","15","0","40","63","33","45","53","50","538","33.6"
"Darius Slayton","WR","NYG","43","39","9","0","0","0","44","52","31","bye","34","44","52","46","39","61","0","42","536","41.2"
"Nico Collins","WR","HOU","43","2","0","0","0","43","35","39","48","bye","38","37","32","57","36","45","40","41","536","38.3"
"Jarvis Landry","WR","CLE","51","2","0","0","0","0","38","53","32","47","48","56","bye","54","0","54","50","48","533","44.4"
"James Robinson","RB","JAC","47","41","40","53","48","56","bye","8","0","39","29","38","26","35","59","11","0","0","530","37.9"
"Devonta Freeman","RB","BAL","0","10","9","6","20","21","29","bye","57","42","47","40","51","49","39","33","48","27","528","33.0"
"Jonnu Smith","TE","NE","55","29","30","28","40","39","17","49","28","0","33","34","39","bye","17","21","42","25","526","32.9"
"Cedrick Wilson Jr.","WR","DAL","34","36","29","35","52","44","bye","42","51","0","42","54","0","9","0","26","30","42","526","37.6"
"Pharaoh Brown","TE","HOU","59","38","31","34","37","40","29","0","0","bye","54","34","32","0","45","46","42","0","521","40.1"
"Devontae Booker","RB","NYG","24","10","0","7","60","54","59","56","41","bye","21","10","23","28","28","41","27","30","519","32.4"
"Melvin Gordon III","RB","DEN","33","41","36","30","36","43","29","30","41","25","bye","26","0","34","31","23","30","26","514","32.1"
"Saquon Barkley","RB","NYG","29","58","60","56","6","0","0","0","0","bye","36","52","49","38","37","26","30","36","513","39.5"
"Darrell Henderson Jr.","RB","LAR","49","40","0","61","44","54","57","41","47","41","bye","50","0","0","18","5","0","0","507","42.3"
"Tre'Quan Smith","WR","NO","0","0","0","0","0","bye","41","48","61","61","62","45","47","49","40","0","0","52","506","50.6"
"DeAndre Carter","WR","WAS","2","6","5","11","58","12","39","49","bye","49","50","61","49","40","27","13","22","12","505","29.7"
"Tajae Sharpe","WR","ATL","0","13","15","21","63","bye","14","36","47","31","37","46","54","52","33","0","0","38","500","35.7"
"Michael Gallup","WR","DAL","50","0","0","0","0","0","bye","0","0","41","63","71","64","70","65","48","26","0","498","55.3"
"Tommy Tremble","TE","CAR","12","0","19","27","27","38","35","34","34","51","24","25","bye","34","49","41","0","42","492","32.8"
"Ricky Seals-Jones","TE","WAS","0","7","0","62","82","59","72","70","bye","33","0","0","0","31","33","27","13","0","489","44.5"
"Laquon Treadwell","WR","JAC","0","9","0","0","0","7","bye","0","19","23","33","63","55","44","68","64","38","62","485","40.4"
"Nick Chubb","RB","CLE","31","35","40","37","40","0","0","33","27","0","42","30","bye","43","37","41","30","16","482","34.4"
"James Washington","WR","PIT","15","12","66","49","0","8","bye","34","41","76","46","27","22","30","17","22","15","0","480","32.0"
"Rashard Higgins","WR","CLE","0","43","40","41","34","37","42","33","0","26","53","0","bye","0","44","44","41","0","478","39.8"
"Chase Edmonds","RB","ARI","40","39","44","52","37","28","49","35","1","0","0","bye","0","0","29","60","62","0","476","39.7"
"AJ Dillon","RB","GB","16","19","18","29","21","25","13","29","24","36","44","42","bye","35","23","26","39","37","476","28.0"
"Elijah Moore","WR","NYJ","56","57","26","0","23","bye","37","30","46","43","48","59","51","0","0","0","0","0","476","43.3"
"Cordarrelle Patterson","RB","ATL","24","24","26","23","46","bye","46","32","33","15","0","29","34","34","37","25","27","18","473","29.6"
"John Bates","TE","WAS","0","1","1","0","0","13","0","15","bye","47","66","48","38","48","34","45","58","59","473","36.4"
"Kyle Rudolph","TE","NYG","47","49","0","37","41","34","41","21","31","bye","14","0","27","25","27","17","26","34","471","31.4"
"Josh Reynolds","WR","Multi","0","11","0","78","18","0","30","0","0","0","43","43","60","44","41","53","0","49","470","42.7"
"Damiere Byrd","WR","CHI","36","0","0","0","0","15","20","0","0","bye","37","53","65","36","66","62","29","46","465","42.3"
"Chester Rogers","WR","TEN","39","38","28","66","31","15","0","31","19","21","56","15","bye","16","28","31","20","10","464","29.0"
"Chuba Hubbard","RB","CAR","7","19","40","33","46","48","34","41","10","16","0","11","bye","25","36","34","32","32","464","29.0"
"Marquez Valdes-Scantling","WR","GB","36","43","40","0","0","0","0","0","34","49","48","57","bye","43","41","0","49","15","455","41.4"
"Cameron Brate","TE","TB","0","21","33","50","28","44","40","37","bye","30","35","17","13","21","20","31","21","10","451","28.2"
"Corey Davis","WR","NYJ","58","53","51","50","45","bye","47","0","0","65","56","0","25","0","0","0","0","0","450","50.0"
"Michael Carter","RB","NYJ","16","33","23","31","29","bye","47","59","45","40","20","0","0","0","31","43","8","24","449","32.1"
"Will Dissly","TE","SEA","38","0","20","46","57","47","0","36","bye","32","25","16","33","42","26","0","28","0","446","34.3"
"Sammy Watkins","WR","BAL","56","70","46","53","20","0","0","bye","0","23","60","35","34","23","0","0","0","21","441","40.1"
"Elijah Mitchell","RB","SF","35","43","0","0","44","bye","37","36","39","36","0","49","49","0","0","0","36","37","441","40.1"
"Joshua Palmer","WR","LAC","14","18","0","0","16","29","bye","8","21","18","23","30","22","62","33","60","31","56","441","29.4"
"Rondale Moore","WR","ARI","20","28","23","33","29","42","37","36","57","18","32","bye","23","34","20","0","0","0","432","30.9"
"Taysom Hill","TE","NO","22","10","33","34","9","bye","0","0","17","21","0","0","70","70","61","0","58","26","431","35.9"
"Miles Sanders","RB","PHI","47","39","35","47","50","43","12","0","0","0","36","22","41","bye","35","19","0","0","426","35.5"
"Albert Okwuegbunam","TE","DEN","37","37","29","16","0","0","0","26","63","24","bye","28","33","38","30","14","30","16","421","30.1"
"Andy Dalton","QB","CHI","64","23","0","0","3","0","0","0","0","bye","29","70","76","0","0","0","65","82","412","51.5"
"Jerry Jeudy","WR","DEN","31","0","0","0","0","0","0","38","47","45","bye","35","56","41","52","31","0","36","412","41.2"
"Derrick Henry","RB","TEN","40","67","49","59","49","43","50","54","0","0","0","0","bye","0","0","0","0","0","411","51.4"
"MyCole Pruitt","TE","TEN","0","55","37","28","38","16","37","35","27","23","0","27","bye","33","27","27","0","0","410","31.5"
"Ty Johnson","RB","NYJ","35","33","31","20","22","bye","21","24","32","25","20","23","28","48","0","0","31","15","408","27.2"
"Damien Harris","RB","NE","40","25","22","36","21","26","35","41","24","0","25","22","13","bye","0","31","16","30","407","27.1"
"Antoine Wesley","WR","ARI","0","0","0","0","0","0","0","31","54","42","63","bye","0","0","64","50","44","57","405","50.6"
"Mark Ingram II","RB","Multi","36","19","19","10","26","33","21","22","26","57","47","0","30","0","30","24","0","0","400","28.6"
"Donald Parham Jr.","TE","LAC","41","34","31","39","40","26","bye","25","28","27","32","28","16","29","2","0","0","0","398","28.4"
"Anthony Firkser","TE","TEN","31","0","0","50","27","15","24","20","25","22","41","26","bye","30","17","16","29","23","396","26.4"
"Julio Jones","WR","TEN","50","66","34","0","0","35","29","0","43","0","0","0","bye","32","27","31","0","46","393","39.3"
"Marquise Goodwin","WR","CHI","26","31","10","29","24","29","35","30","32","bye","42","32","0","0","0","23","24","26","393","28.1"
"Terrace Marshall Jr.","WR","CAR","34","39","45","50","54","23","0","0","22","18","14","0","bye","0","8","41","44","0","392","32.7"
"Braxton Berrios","WR","NYJ","37","43","42","9","6","bye","6","20","16","22","10","13","19","27","19","48","53","0","390","24.4"
"Marcedes Lewis","TE","GB","15","0","0","35","29","40","21","31","29","42","0","33","bye","36","31","25","0","20","387","29.8"
"Hayden Hurst","TE","ATL","43","30","24","49","43","bye","37","33","26","0","0","0","0","43","25","22","0","12","387","32.3"
"Harrison Bryant","TE","CLE","19","31","33","29","31","0","30","23","25","23","31","16","bye","0","22","19","19","34","385","25.7"
"Zack Moss","RB","BUF","0","18","44","40","42","42","bye","47","19","28","16","0","24","0","0","26","16","18","380","29.2"
"Latavius Murray","RB","BAL","21","27","19","45","36","26","0","bye","0","0","30","36","14","20","29","17","19","39","378","27.0"
"Alexander Mattison","RB","MIN","9","13","51","23","44","12","bye","8","9","12","12","22","65","13","0","47","19","18","377","23.6"
"Jacoby Brissett","QB","MIA","2","65","83","52","54","1","0","0","74","37","0","0","0","bye","3","4","1","0","376","34.2"
"Patrick Ricard","RB","BAL","41","48","29","51","0","0","0","bye","61","0","48","60","38","0","0","0","0","0","376","47.0"
"Tony Pollard","RB","DAL","20","21","29","18","31","26","bye","19","24","32","22","31","28","0","29","25","19","0","374","24.9"
"Tyler Huntley","QB","BAL","0","0","0","0","0","4","12","bye","0","0","81","0","0","64","70","0","71","71","373","53.3"
"Jameis Winston","QB","NO","60","42","59","60","56","bye","74","20","0","0","0","0","0","0","0","0","0","0","371","53.0"
"Rex Burkhead","RB","HOU","10","0","8","3","0","5","4","30","21","bye","27","35","24","36","38","42","44","40","367","24.5"
"Tyler Kroft","TE","NYJ","43","55","23","46","0","bye","0","51","15","0","0","0","0","0","36","50","0","44","363","40.3"
"Dan Arnold","TE","Multi","33","22","27","18","52","41","0","55","35","45","30","5","0","0","0","0","0","0","363","33.0"
"Trevor Siemian","QB","NO","0","0","0","0","0","bye","0","56","73","62","65","57","0","0","0","0","0","46","359","59.8"
"Nyheim Hines","RB","IND","34","25","34","22","26","11","19","25","28","18","13","25","14","bye","10","18","21","9","352","20.7"
"Josiah Deguara","TE","GB","0","0","17","24","0","15","11","16","15","25","27","35","bye","37","35","33","30","29","349","24.9"
"Randall Cobb","WR","GB","15","12","21","33","35","0","35","50","33","50","45","19","bye","0","0","0","0","0","348","31.6"
"Sterling Shepard","WR","NYG","58","64","24","0","0","68","0","23","0","bye","0","0","0","56","51","0","0","0","344","49.1"
"J.D. McKissic","RB","WAS","20","31","25","27","34","36","46","32","bye","28","31","33","0","0","0","0","0","0","343","31.2"
"Brandon Bolden","RB","NE","2","0","33","19","24","11","21","25","29","18","17","19","6","bye","38","34","18","28","342","21.4"
"Clyde Edwards-Helaire","RB","KC","47","33","49","35","22","0","0","0","0","0","32","bye","29","23","51","21","0","0","342","34.2"
"Mack Hollins","WR","MIA","7","16","24","0","14","68","39","4","60","13","22","19","9","bye","13","11","12","7","338","21.1"
"T.Y. Hilton","WR","IND","0","0","0","0","0","24","0","35","0","39","28","42","32","bye","14","47","36","40","337","33.7"
"Henry Ruggs III","WR","LV","56","44","48","46","56","37","47","bye","0","0","0","0","0","0","0","0","0","0","334","47.7"
"C.J. Ham","RB","MIN","25","0","22","21","32","21","bye","26","21","27","23","20","25","0","25","20","9","13","330","22.0"
"Tyrod Taylor","QB","HOU","78","26","0","0","0","0","0","0","69","bye","64","57","29","0","0","0","0","0","323","53.8"
"Jauan Jennings","WR","SF","0","6","0","8","0","bye","9","7","0","32","33","26","29","47","25","27","30","44","323","24.8"
"Jordan Akins","TE","HOU","47","38","34","18","27","32","29","39","25","bye","0","0","0","12","20","1","0","0","322","26.8"
"D'Ernest Johnson","RB","CLE","0","0","5","0","0","12","49","18","16","52","26","0","bye","14","18","26","39","47","322","24.8"
"Brandon Zylstra","WR","CAR","0","14","19","13","11","36","0","0","0","33","24","28","bye","36","54","0","3","50","321","26.8"
"Albert Wilson","WR","MIA","22","41","0","25","0","23","0","0","17","38","38","35","40","bye","41","0","0","0","320","32.0"
"Ashton Dulin","WR","IND","6","26","7","12","23","13","43","29","23","7","20","4","22","bye","28","28","27","0","318","19.9"
"David Johnson","RB","HOU","22","26","21","27","31","32","30","11","31","bye","35","22","0","0","12","0","0","17","317","24.4"
"Jamaal Williams","RB","DET","32","22","31","21","22","19","20","0","bye","0","13","31","34","0","0","28","20","24","317","24.4"
"Zach Gentry","TE","PIT","16","0","0","11","22","0","bye","45","0","0","0","22","30","0","37","49","41","44","317","31.7"
"O.J. Howard","TE","TB","0","11","14","51","44","49","37","28","bye","28","20","0","0","0","10","24","0","0","316","28.7"
"Mike Glennon","QB","NYG","0","0","0","0","39","0","0","0","0","bye","0","0","65","69","50","36","56","0","315","52.5"
"Ameer Abdullah","RB","Multi","9","1","22","5","12","0","0","22","22","16","8","27","0","38","40","23","29","40","314","18.5"
"Khalil Herbert","RB","CHI","1","0","2","7","34","54","51","59","10","bye","7","10","22","5","17","8","9","17","313","19.6"
"Robert Tonyan","TE","GB","28","28","46","56","38","37","38","35","0","0","0","0","bye","0","0","0","0","0","306","38.3"
"Adam Shaheen","TE","MIA","0","20","28","20","21","0","51","41","36","38","46","0","0","bye","0","0","0","0","301","33.4"
"Ty Montgomery","RB","NO","16","14","13","34","25","bye","12","33","0","6","0","29","36","0","20","24","8","30","300","21.4"
"Calvin Ridley","WR","ATL","61","60","59","73","0","bye","46","0","0","0","0","0","0","0","0","0","0","0","299","59.8"
"Deonte Harty","WR","NO","27","21","19","33","2","bye","0","24","23","26","27","23","28","0","0","0","24","21","298","22.9"
"Kenneth Gainwell","RB","PHI","25","19","18","29","16","12","35","20","11","20","0","11","27","bye","6","2","8","39","298","18.6"
"DeSean Jackson","WR","Multi","14","0","21","22","20","16","4","0","0","9","16","42","24","32","20","36","16","0","292","20.9"
"Carlos Hyde","RB","JAC","25","14","23","0","18","9","bye","50","48","18","14","32","29","12","0","0","0","0","292","24.3"
"Logan Thomas","TE","WAS","55","71","54","0","0","0","0","0","bye","0","0","66","43","0","0","0","0","0","289","57.8"
"Equanimeous St. Brown","WR","GB","0","6","0","11","12","12","12","67","0","0","21","26","bye","5","0","48","18","51","289","24.1"
"N'Keal Harry","WR","NE","0","0","0","15","22","0","30","27","0","35","26","0","25","bye","36","61","0","12","289","28.9"
"Stephen Anderson","TE","LAC","20","15","0","23","15","12","bye","7","31","7","0","6","22","17","38","22","52","0","287","20.5"
"James O'Shaughnessy","TE","JAC","59","3","0","0","0","0","bye","0","0","0","0","59","39","40","44","42","0","0","286","40.9"
"Kadarius Toney","WR","NYG","5","0","46","49","37","6","0","34","31","bye","35","0","0","0","0","39","0","0","282","31.3"
"Anthony Schwartz","WR","CLE","31","30","28","15","9","26","29","6","28","9","0","0","bye","0","0","11","24","36","282","21.7"
"Tavon Austin","WR","JAC","0","0","0","41","24","17","bye","28","0","14","12","13","16","26","16","43","31","0","281","23.4"
"Dyami Brown","WR","WAS","51","62","35","28","0","47","0","0","bye","0","0","0","6","23","9","13","7","0","281","28.1"
"Kenyan Drake","RB","LV","41","47","36","20","12","12","26","bye","31","17","15","16","7","0","0","0","0","0","280","23.3"
"Samaje Perine","RB","CIN","15","3","10","16","41","0","30","14","25","bye","11","10","26","28","16","11","20","0","276","18.4"
"Blake Jarwin","TE","DAL","48","29","43","33","31","47","bye","32","0","0","0","0","0","0","0","0","0","12","275","34.4"
"Noah Brown","WR","DAL","0","0","22","21","23","18","bye","13","25","28","43","69","12","0","0","0","0","0","274","27.4"
"Christian McCaffrey","RB","CAR","57","54","22","0","0","0","0","0","29","44","46","20","bye","0","0","0","0","0","272","38.9"
"Brock Wright","TE","DET","0","0","0","0","0","0","17","0","bye","36","13","0","29","35","49","49","0","42","270","33.8"
"Denzel Mims","WR","NYJ","3","0","0","0","8","bye","20","59","46","0","0","0","21","22","23","32","0","35","269","26.9"
"Antonio Brown","WR","TB","42","28","0","40","42","37","0","0","bye","0","0","0","0","0","0","53","26","0","268","38.3"
"Jeremy McNichols","RB","TEN","23","21","18","40","15","0","10","17","26","16","0","0","bye","27","23","26","6","0","268","20.6"
"Cam Sims","WR","WAS","2","0","20","5","0","0","0","15","bye","13","11","12","0","40","25","37","47","39","266","22.2"
"Rhamondre Stevenson","RB","NE","5","0","0","0","22","18","0","12","17","37","22","20","32","bye","31","0","40","9","265","22.1"
"Blake Bell","TE","KC","19","20","23","0","17","0","0","24","26","24","23","bye","0","0","16","25","24","21","262","21.8"
"Drew Sample","TE","CIN","0","0","21","0","21","39","0","0","38","bye","37","0","0","18","16","32","23","17","262","26.2"
"Jamal Agnew","WR","JAC","10","4","6","8","45","39","bye","55","33","50","10","0","0","0","0","0","0","0","260","26.0"
"Alex Collins","RB","SEA","0","6","14","22","46","39","22","27","bye","30","18","19","0","14","0","0","0","0","257","23.4"
"Isaiah McKenzie","WR","BUF","15","13","15","4","8","4","bye","13","19","13","9","0","0","11","20","67","24","22","257","17.1"
"Rashaad Penny","RB","SEA","7","0","0","0","0","0","20","11","bye","0","8","0","29","35","24","30","46","43","253","25.3"
"Cam Newton","QB","CAR","0","0","0","0","0","0","0","0","0","9","51","40","bye","48","76","26","1","1","252","31.5"
"Eric Ebron","TE","PIT","27","24","47","28","25","34","bye","0","0","29","32","0","0","0","0","0","0","0","246","30.8"
"Chris Manhertz","TE","JAC","26","27","25","24","0","30","bye","0","27","24","0","27","0","0","18","0","16","0","244","24.4"
"Mohamed Sanu Sr.","WR","SF","20","20","45","39","30","bye","28","25","33","0","0","0","0","0","0","0","0","0","240","30.0"
"KhaDarel Hodge","WR","DET","0","0","5","8","44","52","33","16","bye","4","0","3","7","8","0","8","48","0","236","19.7"
"Kareem Hunt","RB","CLE","28","23","33","41","32","41","0","0","0","0","0","23","bye","13","0","0","0","0","234","29.3"
"Drew Lock","QB","DEN","0","0","0","30","0","0","0","0","0","0","bye","19","0","0","32","42","57","54","234","39.0"
"Trinity Benson","WR","DET","49","24","24","20","21","0","0","0","bye","48","0","0","0","0","0","0","48","0","234","33.4"
"Kendall Hinton","WR","DEN","0","5","0","26","39","51","24","2","22","0","bye","4","14","0","11","0","36","0","234","21.3"
"Lee Smith","TE","ATL","0","13","26","0","34","bye","26","18","0","0","22","29","16","34","13","0","0","0","231","23.1"
"Justin Jackson","RB","LAC","11","16","7","11","0","8","bye","7","0","0","5","0","16","20","43","45","25","17","231","16.5"
"D'Onta Foreman","RB","TEN","0","0","0","0","0","0","0","0","12","21","15","31","bye","23","31","21","41","35","230","25.6"
"Nick Vannett","TE","NO","0","0","0","0","0","bye","0","0","0","0","18","21","42","51","35","41","0","20","228","32.6"
"Jeff Wilson Jr.","RB","SF","0","0","0","0","0","bye","0","0","0","22","40","10","2","42","50","44","12","6","228","25.3"
"Trent Sherfield","WR","SF","27","24","0","22","0","bye","16","0","0","0","11","20","57","13","5","12","8","10","225","18.8"
"JuJu Smith-Schuster","WR","PIT","53","54","33","57","25","0","bye","0","0","0","0","0","0","0","0","0","0","0","222","44.4"
"Maxx Williams","TE","ARI","55","45","51","45","25","0","0","0","0","0","0","bye","0","0","0","0","0","0","221","44.2"
"Eric Saubert","TE","DEN","22","24","24","8","0","28","21","0","49","6","bye","19","0","0","0","0","19","0","220","22.0"
"Boston Scott","RB","PHI","0","0","4","0","0","0","23","29","25","20","29","34","3","bye","0","20","32","0","219","19.9"
"Ronald Jones II","RB","TB","6","26","12","13","10","14","14","9","bye","0","15","12","2","8","22","35","20","0","218","14.5"
"Darrell Daniels","TE","ARI","15","19","23","0","0","25","0","1","32","17","29","bye","0","0","0","0","32","24","217","21.7"
"Royce Freeman","RB","Multi","0","0","11","12","14","23","29","11","0","0","0","0","22","44","9","24","15","1","215","17.9"
"Chris Moore","WR","HOU","0","0","2","0","37","49","0","15","16","bye","16","11","0","0","0","31","0","37","214","21.4"
"Quintez Cephus","WR","DET","32","51","45","62","22","0","0","0","bye","0","0","0","0","0","0","0","0","0","212","42.4"
"Juwan Johnson","TE","NO","12","18","8","14","6","bye","20","17","0","10","0","0","24","23","22","0","27","11","212","16.3"
"Dede Westbrook","WR","MIN","15","2","6","8","14","12","bye","0","2","5","11","5","32","29","0","27","38","5","211","14.1"
"Mike White","QB","NYJ","0","0","0","0","0","bye","47","79","14","71","0","0","0","0","0","0","0","0","211","52.8"
"Colt McCoy","QB","ARI","0","0","0","2","0","7","5","0","68","33","83","bye","0","0","11","0","0","0","209","29.9"
"John Ross","WR","NYG","0","0","0","28","41","32","37","16","0","bye","11","11","21","11","0","0","0","0","208","23.1"
"Keith Smith","RB","ATL","21","18","22","16","14","bye","11","0","0","19","19","13","21","0","0","12","12","9","207","15.9"
"Luke Farrell","TE","JAC","0","36","17","16","8","17","bye","18","29","0","0","0","0","0","0","0","34","32","207","23.0"
"Brevin Jordan","TE","HOU","0","0","0","0","0","0","0","15","20","bye","18","34","22","29","0","32","35","0","205","25.6"
"Geno Smith","QB","SEA","0","0","0","0","25","65","56","57","bye","0","0","0","0","0","0","0","0","0","203","50.8"
"Marcus Johnson","WR","TEN","0","0","0","0","48","20","29","48","3","38","14","0","bye","0","0","0","0","0","200","28.6"
"Dontrell Hilliard","RB","TEN","0","0","0","0","0","0","0","0","0","0","51","32","bye","24","29","13","15","34","198","24.8"
"Jeff Smith","WR","NYJ","9","20","6","0","0","bye","0","20","22","0","0","0","15","0","0","13","59","34","198","22.0"
"Danny Amendola","WR","HOU","17","12","0","0","0","0","24","39","34","bye","13","22","0","0","0","0","0","30","191","23.9"
"Greg Ward","WR","PHI","0","21","16","22","11","0","0","32","1","0","0","7","0","bye","22","0","13","43","188","18.8"
"Tommy Sweeney","TE","BUF","0","0","14","0","10","11","bye","60","58","0","13","0","0","0","22","0","0","0","188","26.9"
"Dare Ogunbowale","RB","JAC","0","0","0","3","5","0","bye","15","8","0","0","1","0","4","10","60","31","46","183","14.1"
"Lil'Jordan Humphrey","WR","NO","0","24","0","0","0","bye","13","0","0","0","16","27","30","0","0","28","37","7","182","22.8"
"Travis Homer","RB","SEA","2","14","16","9","8","5","12","17","bye","31","5","0","21","0","0","4","24","13","181","12.9"
"Tevin Coleman","RB","NYJ","17","7","0","11","5","bye","0","0","0","17","20","30","23","0","21","19","0","10","180","16.4"
"Tim Boyle","QB","DET","0","0","0","0","0","0","0","0","bye","0","48","0","0","0","0","67","63","1","179","44.8"
"Trey Lance","QB","SF","4","0","3","39","65","bye","0","0","0","0","5","0","0","0","0","0","62","0","178","29.7"
"Parris Campbell","WR","IND","46","0","49","31","38","5","0","0","0","0","0","0","0","bye","0","0","0","8","177","29.5"
"Jimmy Graham","TE","CHI","14","0","7","0","0","0","0","0","18","bye","12","14","21","12","19","21","17","20","175","15.9"
"Ben Skowronek","WR","LAR","0","0","2","0","0","11","1","20","0","42","bye","0","16","14","21","4","27","17","175","14.6"
"Jacob Hollister","TE","JAC","0","0","46","11","15","5","bye","0","0","0","0","0","0","0","20","36","0","41","174","24.9"
"Kenny Stills","WR","NO","0","0","29","17","40","bye","32","0","25","0","0","0","11","0","0","17","0","0","171","24.4"
"Collin Johnson","WR","NYG","0","0","34","5","30","43","21","24","0","bye","7","0","0","0","7","0","0","0","171","21.4"
"Jack Stoll","TE","PHI","0","6","0","0","0","0","0","42","0","42","17","0","0","bye","38","26","0","0","171","28.5"
"Le'Veon Bell","RB","Multi","0","0","0","20","0","22","22","0","23","31","0","0","0","0","0","3","26","23","170","21.3"
"Case Keenum","QB","CLE","0","0","5","0","0","4","71","0","0","23","0","0","bye","0","0","0","0","66","169","33.8"
"DJ Chark Jr.","WR","JAC","63","45","59","0","0","0","bye","0","0","0","0","0","0","0","0","0","0","0","167","55.7"
"Damien Williams","RB","CHI","30","15","7","19","31","0","11","4","0","bye","0","0","0","7","5","9","12","16","166","13.8"
"Eric Tomlinson","TE","BAL","19","0","0","0","0","0","0","bye","34","0","12","27","25","0","0","12","0","37","166","23.7"
"Salvon Ahmed","RB","MIA","11","23","0","5","11","19","22","16","14","9","0","13","22","bye","0","0","0","0","165","15.0"
"Dee Eskridge","WR","SEA","12","0","0","0","0","0","0","0","bye","5","0","13","22","28","40","20","24","0","164","20.5"
"Kylen Granson","TE","IND","0","0","0","30","8","0","5","10","4","12","24","9","30","bye","0","32","0","0","164","16.4"
"Josh Gordon","WR","KC","0","0","0","0","9","0","8","32","19","0","29","bye","0","24","0","8","12","21","162","18.0"
"DeeJay Dallas","RB","SEA","3","0","0","1","14","22","1","2","bye","0","18","28","2","11","33","22","2","2","161","9.5"
"Phillip Lindsay","RB","Multi","20","14","9","8","13","11","4","8","14","0","2","15","0","0","0","19","7","15","159","11.4"
"Gardner Minshew II","QB","PHI","0","0","0","0","0","0","0","14","0","0","0","0","71","bye","0","0","0","74","159","53.0"
"Charlie Woerner","TE","SF","0","0","0","0","21","bye","30","45","0","0","0","19","7","14","13","0","10","0","159","19.9"
"Preston Williams","WR","MIA","0","22","0","0","40","0","30","0","0","18","25","23","0","bye","0","0","0","0","158","26.3"
"Ty'Son Williams","RB","BAL","35","37","29","0","14","0","21","bye","18","0","0","2","0","0","0","0","0","2","158","19.8"
"Noah Gray","TE","KC","0","0","11","18","0","0","22","0","0","25","18","bye","0","0","0","50","10","0","154","22.0"
"Jordan Howard","RB","PHI","0","0","0","0","0","0","0","16","23","24","13","0","0","bye","34","22","21","0","153","21.9"
"James Proche II","WR","BAL","0","0","13","24","50","5","16","bye","0","0","0","0","0","0","16","28","0","0","152","21.7"
"Tre' McKitty","TE","LAC","0","0","0","0","0","0","bye","0","0","0","18","21","0","0","41","15","35","22","152","25.3"
"Breshad Perriman","WR","TB","0","0","0","0","0","0","0","0","bye","0","18","0","59","26","0","0","11","37","151","30.2"
"Jaret Patterson","RB","WAS","4","0","0","5","5","2","0","16","bye","5","13","3","4","12","10","15","39","17","150","10.7"
"Duke Johnson Jr.","RB","MIA","0","0","0","0","0","0","0","0","0","0","6","0","0","bye","41","23","36","43","149","29.8"
"Pharoh Cooper","WR","NYG","0","0","0","0","0","0","0","0","2","bye","13","35","27","13","3","36","19","0","148","18.5"
"Jerick McKinnon","RB","KC","0","4","0","8","27","23","22","0","20","20","0","bye","0","0","0","0","0","23","147","16.3"
"Jakeem Grant Sr.","WR","Multi","7","7","2","0","2","2","0","6","1","0","8","19","48","29","10","0","6","0","147","10.5"
"Cody Hollister","WR","TEN","0","0","0","0","0","0","0","0","0","0","0","48","bye","43","56","0","0","0","147","49.0"
"Dax Milne","WR","WAS","0","0","0","0","34","12","29","21","bye","20","12","0","0","0","6","7","6","0","147","16.3"
"Jakob Johnson","RB","NE","0","0","0","16","0","0","28","22","0","0","26","0","0","bye","10","16","25","0","143","20.4"
"Giovani Bernard","RB","TB","17","6","33","0","17","12","11","13","bye","14","8","0","7","0","0","0","0","0","138","13.8"
"Demetrius Harris","TE","ARI","23","2","7","9","0","20","21","10","0","0","0","bye","17","0","8","21","0","0","138","13.8"
"Josh Oliver","TE","BAL","5","12","11","14","12","19","19","bye","0","10","0","0","8","9","0","0","0","19","138","12.5"
"Trevon Wesco","TE","NYJ","0","0","0","18","24","bye","16","0","15","8","0","21","0","0","14","22","0","0","138","17.3"
"Juwann Winfree","WR","GB","0","0","0","0","0","0","0","54","0","0","0","0","bye","0","15","8","14","44","135","27.0"
"Joshua Kelley","RB","LAC","0","0","0","0","26","18","bye","0","17","8","0","16","0","19","13","17","0","0","134","16.8"
"Tony Jones Jr.","RB","NO","22","12","13","9","0","bye","0","0","0","0","10","21","0","20","0","2","9","14","132","13.2"
"Jordan Love","QB","GB","15","3","0","0","0","0","0","0","63","0","1","0","bye","0","0","0","12","37","131","21.8"
"Demetric Felton Jr.","RB","CLE","0","3","11","6","3","12","22","9","6","0","12","1","bye","6","29","4","0","5","129","8.6"
"Josh Johnson","QB","Multi","0","0","0","0","0","0","0","5","63","0","0","1","0","0","0","59","0","0","128","32.0"
"PJ Walker","QB","CAR","0","0","0","0","0","0","19","10","0","66","0","15","bye","16","0","0","0","0","126","25.2"
"Malcolm Brown","RB","MIA","16","9","34","35","0","25","5","0","0","0","0","0","0","bye","0","0","0","0","124","20.7"
"Chris Carson","RB","SEA","42","34","23","25","0","0","0","0","bye","0","0","0","0","0","0","0","0","0","124","31.0"
"Scotty Miller","WR","TB","0","12","32","0","0","0","0","0","bye","0","0","4","0","0","58","3","0","14","123","20.5"
"Stanley Morgan Jr.","WR","CIN","0","0","0","0","0","0","0","0","14","bye","12","22","5","13","0","15","7","33","121","11.0"
"Elijhaa Penny","RB","NYG","3","3","8","0","6","15","22","7","16","bye","0","5","0","5","2","13","0","15","120","9.2"
"Penny Hart","WR","SEA","2","0","8","0","12","11","10","16","bye","17","4","0","9","9","0","6","16","0","120","10.0"
"Mike Thomas","WR","CIN","16","0","10","18","0","0","0","0","10","bye","8","13","0","0","0","0","0","44","119","17.0"
"Craig Reynolds","RB","DET","0","0","0","0","0","0","0","0","bye","0","0","0","0","29","42","27","14","6","118","23.6"
"Colby Parkinson","TE","SEA","0","0","0","0","35","0","0","0","bye","0","4","0","0","0","1","22","20","36","118","19.7"
"J.J. Arcega-Whiteside","WR","PHI","16","0","0","11","0","0","8","0","0","0","12","15","0","bye","0","13","0","42","117","16.7"
"Jesse James","TE","CHI","0","0","1","0","0","0","26","38","0","bye","0","23","0","0","0","0","28","0","116","23.2"
"Peyton Barber","RB","LV","0","19","47","1","0","0","0","bye","0","0","1","0","5","7","13","12","11","0","116","12.9"
"Alec Ingold","RB","LV","23","17","28","0","0","15","17","bye","14","2","0","0","0","0","0","0","0","0","116","16.6"
"Dominique Dafney","TE","GB","19","0","0","0","0","0","0","0","25","0","16","20","bye","0","0","0","19","15","114","19.0"
"Kaden Smith","TE","NYG","29","32","28","0","24","0","0","0","0","bye","0","0","0","0","0","0","0","0","113","28.3"
"Derrick Gore","RB","KC","0","0","0","0","0","0","5","16","10","11","0","bye","0","20","0","19","8","24","113","14.1"
"Jake Fromm","QB","NYG","0","0","0","0","0","0","0","0","0","bye","0","0","0","0","13","40","0","60","113","37.7"
"Ke'Shawn Vaughn","RB","TB","0","0","0","0","0","0","8","0","bye","0","9","0","0","0","19","24","24","27","111","18.5"
"Cooper Rush","QB","DAL","0","0","0","0","0","0","bye","73","0","14","0","0","0","0","0","12","0","11","110","27.5"
"Isaiah Ford","WR","MIA","0","0","0","0","3","5","19","8","0","11","0","12","14","bye","19","0","17","0","108","12.0"
"Cyril Grayson Jr.","WR","TB","0","0","0","0","0","0","0","8","bye","0","0","0","0","0","0","53","47","0","108","36.0"
"Kendall Blanton","TE","LAR","0","0","0","0","0","0","0","0","0","2","bye","0","10","52","43","0","0","0","107","26.8"
"Trey Sermon","RB","SF","0","1","41","39","2","bye","0","0","0","0","24","0","0","0","0","0","0","0","107","17.8"
"Larry Rountree III","RB","LAC","22","10","11","22","0","0","bye","8","6","9","19","0","0","0","0","0","0","0","107","11.9"
"Benny Snell Jr.","RB","PIT","0","3","0","8","13","0","bye","2","6","6","8","7","2","3","0","16","3","29","106","6.6"
"Jalen Richard","RB","LV","0","0","0","0","10","8","16","bye","5","6","0","0","0","0","11","10","13","24","103","11.4"
"Garrett Griffin","TE","NO","0","0","0","17","17","bye","0","27","0","0","10","0","32","0","0","0","0","0","103","20.6"
"Ross Dwelley","TE","SF","0","0","0","8","59","bye","27","0","0","9","0","0","0","0","0","0","0","0","103","25.8"
"Giovanni Ricci","TE","CAR","0","15","0","0","11","0","0","16","0","28","0","4","bye","0","5","6","9","9","103","11.4"
"Reggie Gilliam","RB","BUF","0","14","11","18","0","4","bye","0","0","22","7","0","0","0","0","9","0","18","103","12.9"
"Dazz Newsome","WR","CHI","0","0","0","0","0","0","0","0","0","bye","0","0","0","0","48","34","0","21","103","34.3"
"Amari Rodgers","WR","GB","15","0","2","7","5","6","4","16","0","4","1","2","bye","10","0","0","0","31","103","6.4"
"Luke Stocker","TE","MIN","0","0","0","0","0","0","bye","17","18","20","0","0","13","0","19","0","0","14","101","16.8"
"Tyler Davis","TE","GB","0","0","0","0","4","0","1","0","0","12","0","0","bye","9","19","0","32","24","101","12.6"
"Christian Blake","WR","ATL","0","13","0","3","16","bye","0","0","3","17","0","0","0","0","7","12","26","3","100","10.0"
"Tom Kennedy","WR","DET","0","0","0","0","0","8","0","14","bye","0","0","0","0","17","0","21","24","16","100","16.7"
"Antony Auclair","TE","HOU","0","0","0","0","20","0","0","0","36","bye","0","0","0","22","0","0","0","20","98","24.5"
"Godwin Igwebuike","RB","DET","0","0","0","0","0","0","0","11","bye","4","1","4","28","28","12","10","0","0","98","6.5"
"David Sills V","WR","NYG","0","0","0","0","0","0","27","0","0","bye","0","0","0","0","0","15","40","16","98","24.5"
"Mason Rudolph","QB","PIT","0","0","0","0","0","0","bye","0","0","87","0","0","0","0","0","10","0","0","97","48.5"
"Anthony Miller","WR","Multi","0","0","35","35","0","0","0","0","0","0","0","25","0","0","0","0","0","0","95","31.7"
"Eno Benjamin","RB","ARI","0","0","0","0","0","0","4","0","17","15","18","bye","4","0","0","0","9","25","92","11.5"
"Phillip Dorsett II","WR","Multi","0","0","7","0","0","7","0","0","0","0","0","0","0","39","15","23","0","0","91","18.2"
"Adam Prentice","RB","NO","0","0","0","0","0","bye","0","0","0","0","0","15","0","20","0","11","20","25","91","18.2"
"Chris Herndon IV","TE","MIN","12","0","0","0","7","24","bye","15","0","23","0","0","0","9","0","0","0","0","90","15.0"
"Dez Fitzpatrick","WR","TEN","0","0","0","0","0","0","0","0","0","13","64","12","bye","0","0","0","0","0","89","29.7"
"Jaelon Darden","WR","TB","0","0","3","0","0","0","13","9","bye","4","8","0","0","3","41","0","0","8","89","9.9"
"KJ Hamler","WR","DEN","24","49","15","0","0","0","0","0","0","0","bye","0","0","0","0","0","0","0","88","29.3"
"Malik Turner","WR","DAL","0","0","0","0","0","1","bye","0","18","23","8","0","18","0","6","13","0","0","87","12.4"
"Sean McKeon","TE","DAL","0","0","0","0","0","0","bye","0","12","36","9","12","0","0","0","17","0","0","86","17.2"
"Brandon Allen","QB","CIN","0","0","0","0","0","13","0","0","6","bye","0","10","0","0","0","0","2","54","85","17.0"
"Chris Evans","RB","CIN","0","2","5","0","7","16","0","0","3","bye","10","9","0","0","0","3","0","30","85","9.4"
"Curtis Samuel","WR","WAS","0","0","0","25","5","0","0","0","bye","0","0","20","20","14","0","0","0","0","84","16.8"
"Auden Tate","WR","CIN","0","0","27","20","13","24","0","0","0","bye","0","0","0","0","0","0","0","0","84","21.0"
"Dante Pettis","WR","NYG","0","0","0","0","0","46","35","1","0","bye","0","0","0","0","0","0","0","0","82","27.3"
"Shane Zylstra","TE","DET","0","0","0","0","0","0","0","0","bye","0","0","0","0","40","29","13","0","0","82","27.3"
"Darren Fells","TE","Multi","27","0","26","0","0","0","28","0","0","0","0","0","0","0","0","0","0","0","81","27.0"
"C.J. Board","WR","NYG","6","6","22","19","21","6","0","0","0","bye","0","0","0","0","0","0","0","0","80","13.3"
"Ja'Marcus Bradley","WR","CLE","0","0","0","0","0","0","0","0","0","0","55","21","bye","0","0","0","0","3","79","19.8"
"Jeremy Sprinkle","TE","DAL","0","0","0","14","0","8","bye","0","0","0","0","0","0","0","17","17","0","22","78","13.0"
"Matt Breida","RB","BUF","10","0","0","0","0","0","bye","0","0","8","18","21","7","11","3","0","0","0","78","11.1"
"Corey Clement","RB","DAL","1","0","3","0","0","0","bye","0","5","13","0","0","0","31","0","7","0","17","77","7.0"
"Parker Hesse","TE","ATL","0","6","0","0","0","bye","0","0","0","0","11","23","0","0","0","0","37","0","77","19.3"
"Nick Foles","QB","CHI","0","0","0","0","0","0","0","0","0","bye","0","0","0","0","0","74","0","0","74","74.0"
"Keith Kirkwood","WR","CAR","0","0","0","0","0","0","29","35","0","0","0","0","bye","0","0","0","0","10","74","24.7"
"Adrian Peterson","RB","Multi","0","0","0","0","0","0","0","0","19","20","15","0","18","0","0","0","0","0","72","18.0"
"Racey McMath","WR","TEN","0","1","17","0","0","0","0","0","0","0","0","0","bye","10","22","10","0","12","72","12.0"
"Ihmir Smith-Marsette","WR","MIN","4","0","0","0","0","0","bye","11","0","0","0","0","0","0","31","0","0","24","70","11.7"
"Shi Smith","WR","CAR","0","0","0","0","0","8","20","24","0","0","0","0","bye","0","0","15","3","0","70","14.0"
"Qadree Ollison","RB","ATL","0","0","0","0","0","bye","0","0","0","0","26","0","13","6","3","0","5","16","69","11.5"
"Chris Hogan","WR","NO","14","16","16","14","8","bye","0","0","0","0","0","0","0","0","0","0","0","0","68","13.6"
"Trenton Irwin","WR","CIN","0","0","0","16","0","11","3","0","0","bye","0","0","5","0","0","0","0","33","68","13.6"
"Cody White","WR","PIT","0","0","9","0","16","0","bye","0","2","12","0","0","1","0","0","28","0","0","68","11.3"
"Tyree Jackson","TE","PHI","0","0","0","0","0","0","0","0","0","0","14","0","0","bye","0","14","0","39","67","22.3"
"Joe Flacco","QB","NYJ","0","0","0","0","0","bye","0","0","0","6","60","0","0","0","0","0","0","0","66","33.0"
"Johnny Mundt","TE","LAR","15","0","31","20","0","0","0","0","0","0","bye","0","0","0","0","0","0","0","66","22.0"
"Gunner Olszewski","WR","NE","11","5","16","0","0","1","9","0","1","0","0","0","0","bye","3","4","14","2","66","4.1"
"William Fuller V","WR","MIA","0","0","51","14","0","0","0","0","0","0","0","0","0","bye","0","0","0","0","65","32.5"
"Tommy Hudson","TE","TEN","0","21","21","18","0","0","0","0","0","0","5","0","bye","0","0","0","0","0","65","16.3"
"James White","RB","NE","28","29","6","0","0","0","0","0","0","0","0","0","0","bye","0","0","0","0","63","21.0"
"Jake Kumerow","WR","BUF","0","5","0","12","0","1","bye","0","0","0","0","0","0","5","0","16","13","10","62","8.9"
"Cameron Batson","WR","TEN","0","0","27","25","10","0","0","0","0","0","0","0","bye","0","0","0","0","0","62","15.5"
"Kalen Ballage","RB","PIT","0","0","0","0","10","12","bye","3","7","5","9","8","0","0","0","0","0","7","61","6.8"
"Patrick Taylor Jr.","RB","GB","0","0","0","0","0","0","0","0","0","3","15","0","bye","0","0","0","12","31","61","12.2"
"Kristian Wilkerson","WR","NE","0","0","0","0","0","0","0","0","0","0","0","0","0","bye","0","0","60","0","60","60.0"
"Michael Burton","RB","KC","5","5","0","4","2","6","0","0","0","0","0","bye","7","5","6","13","6","0","59","5.9"
"Alex Erickson","WR","CAR","2","8","6","8","5","12","1","3","2","1","2","1","bye","0","0","3","0","5","59","3.5"
"Derek Watt","RB","PIT","4","0","7","2","9","6","bye","0","7","6","0","2","6","5","0","0","5","0","59","5.4"
"Marlon Mack","RB","IND","0","13","0","22","10","9","4","1","0","0","0","0","0","bye","0","0","0","0","59","9.8"
"Marcus Kemp","WR","KC","5","0","7","2","4","6","6","2","0","4","0","bye","4","4","0","11","3","0","58","4.8"
"Tylan Wallace","WR","BAL","0","0","0","1","3","2","2","bye","0","0","0","3","1","0","14","27","0","5","58","5.8"
"Nick Mullens","QB","CLE","0","0","0","0","0","0","0","0","0","0","0","0","bye","0","56","0","0","0","56","56.0"
"Garrett Gilbert","QB","WAS","0","0","0","0","0","0","0","0","bye","0","0","0","0","0","55","0","0","0","55","55.0"
"Jonathan Williams","RB","WAS","0","0","0","0","0","0","0","0","bye","0","0","0","0","10","2","24","8","11","55","11.0"
"Austin Walter","RB","NYJ","0","0","0","0","0","bye","0","0","0","0","0","16","8","0","6","0","25","0","55","13.8"
"Chris Myarick","TE","NYG","0","0","0","0","0","0","0","0","0","bye","14","24","0","7","0","10","0","0","55","13.8"
"Diontae Spencer","WR","DEN","0","4","24","3","2","2","4","0","0","1","bye","1","4","3","2","1","3","0","54","3.6"
"Andy Janovich","RB","CLE","11","11","0","5","0","0","0","0","4","0","0","0","bye","16","0","6","0","0","53","8.8"
"J.J. Taylor","RB","NE","0","5","10","4","0","0","20","0","0","13","0","0","0","bye","0","0","0","0","52","10.4"
"Mike Strachan","WR","IND","18","34","0","0","0","0","0","0","0","0","0","0","0","bye","0","0","0","0","52","26.0"
"Sean Mannion","QB","MIN","0","0","0","0","0","0","bye","0","0","0","0","0","0","0","0","0","51","0","51","51.0"
"Mitchell Wilcox","TE","CIN","0","0","0","0","0","0","0","0","0","bye","0","0","0","0","1","3","0","47","51","12.8"
"Kenny Yeboah","TE","NYJ","0","0","0","0","0","bye","0","0","0","0","0","0","14","0","0","0","37","0","51","17.0"
"Ian Book","QB","NO","0","0","0","0","0","bye","0","0","0","0","0","0","0","0","0","50","0","0","50","50.0"
"Tory Carter","RB","TEN","0","0","3","0","0","0","0","8","0","9","9","20","bye","0","0","0","0","0","49","9.8"
"Nick Boyle","TE","BAL","0","0","0","0","0","0","0","bye","0","0","32","0","0","0","0","0","16","0","48","24.0"
"Alex Armah Jr.","RB","Multi","0","2","7","3","0","0","10","9","10","0","3","0","0","0","2","0","0","1","47","5.2"
"Tyron Johnson","WR","LV","9","7","0","9","0","0","0","13","0","0","0","0","0","1","0","0","4","4","47","6.7"
"D.J. Montgomery","WR","NYJ","0","0","0","0","0","bye","0","0","0","0","0","0","0","39","0","8","0","0","47","23.5"
"Wayne Gallman Jr.","RB","Multi","0","0","0","10","3","0","3","0","0","23","2","5","0","0","0","0","0","0","46","6.6"
"Khari Blasingame","RB","TEN","9","0","0","0","0","9","0","0","0","0","0","5","bye","0","0","9","0","14","46","9.2"
"Jason Moore Jr.","WR","LAC","0","0","0","0","0","0","bye","0","0","0","0","0","0","0","0","45","0","0","45","45.0"
"Blaine Gabbert","QB","TB","0","3","0","0","12","0","8","0","bye","0","9","0","0","0","0","3","0","9","44","7.3"
"Seth Williams","WR","DEN","0","0","0","0","0","0","0","0","0","0","bye","0","0","0","0","0","43","0","43","43.0"
"Gabe Nabers","RB","LAC","9","2","9","5","0","3","bye","0","0","0","0","0","0","0","4","0","10","0","42","6.0"
"Hunter Long","TE","MIA","0","0","0","0","0","9","0","0","0","0","0","0","10","bye","23","0","0","0","42","14.0"
"Brian Hoyer","QB","NE","0","0","0","0","0","0","12","0","6","9","0","1","0","bye","0","0","13","0","41","8.2"
"Willie Snead IV","WR","Multi","2","4","0","5","6","6","0","0","17","0","0","0","0","0","1","0","0","0","41","5.9"
"Kevin White","WR","NO","0","0","0","0","0","bye","8","9","15","9","0","0","0","0","0","0","0","0","41","10.3"
"JaMycal Hasty","RB","SF","16","25","0","0","0","bye","0","0","0","0","0","0","0","0","0","0","0","0","41","20.5"
"Jonathan Ward","RB","ARI","0","0","0","0","0","7","1","0","0","0","0","bye","0","0","11","9","8","5","41","4.6"
"Tyrell Williams","WR","DET","39","0","0","0","0","0","0","0","bye","0","0","0","0","0","0","0","0","0","39","39.0"
"Richard Rodgers","TE","PHI","0","0","0","0","0","0","0","0","0","0","0","0","0","bye","0","0","0","38","38","38.0"
"Dezmon Patmon","WR","IND","0","0","0","0","0","0","0","0","20","0","9","0","0","bye","0","5","4","0","38","9.5"
"J.P. Holtz","TE","CHI","0","0","0","11","0","0","0","6","0","bye","0","5","0","2","0","13","0","0","37","7.4"
"Kyle Allen","QB","WAS","0","0","0","0","0","0","0","0","bye","0","0","0","0","20","0","17","0","0","37","18.5"
"Patrick Laird","RB","MIA","0","0","0","0","0","0","0","10","0","16","11","0","0","bye","0","0","0","0","37","12.3"
"Ben Ellefson","TE","MIN","0","16","0","0","14","0","bye","0","0","0","0","0","0","0","0","0","0","7","37","12.3"
"Trayveon Williams","RB","CIN","0","0","0","0","0","12","0","0","0","bye","0","0","0","0","0","0","0","24","36","9.0"
"Ryquell Armstead","RB","JAC","0","0","0","0","0","0","bye","0","0","0","0","0","0","0","0","0","14","20","34","17.0"
"Greg Dortch","WR","ARI","0","0","0","0","0","0","0","0","4","1","0","bye","0","0","0","0","17","12","34","6.8"
"Andre Roberts","WR","Multi","0","22","0","2","0","2","0","0","2","0","1","0","0","0","1","0","0","3","33","2.1"
"Trent Taylor","WR","CIN","0","0","0","0","0","0","0","0","0","bye","0","0","0","0","0","1","0","32","33","8.3"
"Jody Fortson","TE","KC","0","2","6","15","0","10","0","0","0","0","0","bye","0","0","0","0","0","0","33","8.3"
"Jermar Jefferson","RB","DET","0","0","0","0","0","0","0","11","bye","3","0","5","8","0","6","0","0","0","33","6.6"
"Geronimo Allison","WR","DET","0","0","0","0","0","0","32","0","bye","0","0","0","0","0","0","0","0","0","32","32.0"
"Chad Henne","QB","KC","0","0","0","0","0","0","18","0","0","3","0","bye","0","4","0","6","0","0","31","7.8"
"Jason Huntley","RB","PHI","0","0","0","0","0","0","0","0","0","0","0","0","0","bye","0","0","0","31","31","31.0"
"Mitch Trubisky","QB","BUF","0","2","8","9","0","0","bye","0","0","0","6","0","0","0","0","0","0","5","30","6.0"
"Cethan Carter","TE","MIA","0","16","0","1","0","4","0","0","4","0","0","0","0","bye","0","0","0","4","29","3.6"
"Kene Nwangwu","RB","MIN","0","0","0","0","0","0","bye","0","0","0","0","2","9","0","5","12","0","1","29","3.2"
"Travis Benjamin","WR","SF","0","0","0","0","15","bye","0","0","0","0","0","0","3","2","0","0","2","6","28","5.6"
"Daniel Helm","TE","LV","0","0","0","0","0","0","0","bye","0","3","0","14","0","0","11","0","0","0","28","9.3"
"Malik Taylor","WR","GB","15","0","0","0","4","0","0","5","0","1","0","0","bye","1","1","0","0","0","27","3.9"
"Kylin Hill","RB","GB","14","5","0","0","2","0","5","0","0","0","0","0","bye","0","0","0","0","0","26","3.3"
"Rodney Smith","RB","CAR","0","0","0","26","0","0","0","0","0","0","0","0","bye","0","0","0","0","0","26","26.0"
"Jaydon Mickens","WR","Multi","0","0","0","3","13","3","0","0","0","0","0","0","3","1","1","1","0","0","25","2.3"
"Colin Thompson","TE","CAR","0","0","0","12","0","0","4","0","9","0","0","0","bye","0","0","0","0","0","25","8.3"
"Alex Bachman","WR","NYG","0","0","0","0","0","0","0","0","0","bye","0","0","0","0","0","0","0","25","25","12.5"
"Josh Rosen","QB","ATL","0","6","0","0","0","bye","0","0","0","15","3","0","0","0","0","0","0","0","24","8.0"
"Jordan Veasy","WR","HOU","0","0","0","0","0","0","0","0","0","bye","0","0","0","0","15","0","9","0","24","12.0"
"Noah Togiai","TE","PHI","0","0","0","0","0","0","0","0","0","0","0","0","0","bye","0","0","0","24","24","24.0"
"Chris Streveler","QB","ARI","0","0","0","0","0","0","0","0","2","22","0","bye","0","0","0","0","0","0","24","12.0"
"Derek Carrier","TE","LV","0","11","0","0","0","0","0","bye","0","0","0","0","0","0","0","0","0","12","23","11.5"
"Kevin Rader","TE","PIT","0","0","0","0","0","0","bye","0","1","0","0","0","0","0","0","17","5","0","23","7.7"
"Mike Boone","RB","DEN","0","0","0","0","0","6","0","0","0","0","bye","0","17","0","0","0","0","0","23","7.7"
"La'Mical Perine","RB","NYJ","0","0","0","0","0","bye","0","6","0","0","0","0","0","17","0","0","0","0","23","11.5"
"Brycen Hopkins","TE","LAR","0","0","0","0","0","0","0","0","0","0","bye","0","0","0","22","0","0","0","22","22.0"
"Jalen Camp","WR","HOU","0","0","0","0","0","0","0","0","0","bye","0","0","0","0","0","22","0","0","22","22.0"
"Marcus Mariota","QB","LV","1","0","0","0","0","0","1","bye","1","0","0","2","0","0","4","0","5","7","21","3.0"
"Daniel Brown","TE","NYJ","0","0","0","0","0","bye","0","0","0","0","0","0","0","9","0","0","12","0","21","7.0"
"Wendell Smallwood","RB","WAS","0","0","0","0","0","0","0","0","bye","0","0","0","5","0","0","0","16","0","21","10.5"
"Davion Davis","WR","HOU","0","0","0","0","0","0","0","0","0","bye","0","0","20","1","0","0","0","0","21","10.5"
"John Wolford","QB","LAR","0","0","0","0","0","10","0","9","0","0","bye","0","0","0","0","0","0","0","19","9.5"
"Andy Isabella","WR","ARI","0","0","0","0","0","0","0","0","7","0","0","bye","0","0","12","0","0","0","19","6.3"
"Anthony McFarland Jr.","RB","PIT","0","0","0","0","0","0","bye","7","0","0","0","12","0","0","0","0","0","0","19","9.5"
"Tarik Black","WR","NYJ","0","0","0","0","0","bye","0","0","0","0","0","0","0","0","0","0","0","19","19","19.0"
"Scottie Phillips","RB","HOU","0","0","0","0","0","0","0","15","4","bye","0","0","0","0","0","0","0","0","19","9.5"
"Tyrie Cleveland","WR","DEN","0","0","0","0","5","10","4","0","0","0","bye","0","0","0","0","0","0","0","19","4.8"
"Jake Funk","RB","LAR","0","3","14","0","0","0","0","0","0","0","bye","0","0","0","0","2","0","0","19","3.8"
"Jaylen Samuels","RB","HOU","0","0","0","0","0","0","0","0","0","bye","0","0","8","0","0","1","9","0","18","6.0"
"Sam Ehlinger","QB","IND","0","0","0","0","0","0","0","0","1","0","7","0","10","bye","0","0","0","0","18","6.0"
"Stephen Sullivan","TE","CAR","0","0","0","0","0","0","0","0","0","0","0","0","bye","0","0","17","0","0","17","17.0"
"Ryan Fitzpatrick","QB","WAS","16","0","0","0","0","0","0","0","bye","0","0","0","0","0","0","0","0","0","16","16.0"
"Codey McElroy","TE","TB","0","0","0","4","12","0","0","0","bye","0","0","0","0","0","0","0","0","0","16","8.0"
"Deon Jackson","RB","IND","0","0","0","0","0","0","0","0","0","0","7","0","8","bye","0","0","1","0","16","3.2"
"Ryan Nall","RB","CHI","0","0","0","0","0","0","5","7","2","bye","0","0","0","0","0","0","1","0","15","3.0"
"C.J. Saunders","WR","CAR","0","0","0","0","0","0","0","0","0","0","0","0","bye","0","0","0","0","15","15","15.0"
"Reggie Bonnafon","RB","CAR","0","0","0","0","0","0","0","0","0","0","0","0","bye","0","0","14","0","0","14","14.0"
"Johnny Stanton IV","RB","CLE","0","0","0","0","0","2","11","0","0","1","0","0","bye","0","0","0","0","0","14","4.7"
"KJ Hill Jr.","WR","LAC","7","0","0","2","4","1","bye","0","0","0","0","0","0","0","0","0","0","0","14","2.3"
"Easop Winston Jr.","WR","NO","0","0","0","0","0","bye","0","0","0","0","0","0","0","7","1","6","0","0","14","4.7"
"Isaiah Coulter","WR","CHI","0","0","0","0","0","0","0","0","0","bye","0","14","0","0","0","0","0","0","14","14.0"
"Sammis Reyes","TE","WAS","0","0","0","0","0","0","0","0","bye","0","0","0","6","0","0","2","6","0","14","4.7"
"John Brown","WR","Multi","0","0","0","0","0","0","6","0","0","0","4","3","0","0","0","0","0","0","13","4.3"
"Dwayne Washington","RB","NO","0","0","0","5","0","bye","0","0","0","4","4","0","0","0","0","0","0","0","13","1.6"
"Cam Akers","RB","LAR","0","0","0","0","0","0","0","0","0","0","bye","0","0","0","0","0","0","13","13","13.0"
"Frank Darby","WR","ATL","0","0","0","0","0","bye","0","0","0","12","0","0","0","0","0","0","1","0","13","3.3"
"Matthew Slater","WR","NE","0","0","0","1","0","0","0","1","3","2","2","0","2","bye","0","0","1","0","12","1.2"
"Ethan Wolf","TE","NO","0","0","0","0","0","bye","0","0","0","0","0","0","0","0","0","12","0","0","12","12.0"
"Gary Brightwell","RB","NYG","8","0","2","0","0","0","0","0","0","bye","1","1","0","0","0","0","0","0","12","1.7"
"Trenton Cannon","RB","Multi","9","1","0","1","0","0","0","0","0","0","0","0","0","0","0","0","0","0","11","1.1"
"Vyncint Smith","WR","NYJ","0","0","0","0","0","bye","0","0","0","0","0","0","0","11","0","0","0","0","11","11.0"
"Deon Yelder","TE","TB","0","0","0","0","0","0","11","0","bye","0","0","0","0","0","0","0","0","0","11","11.0"
"Kirk Merritt","WR","MIA","0","0","0","0","0","0","0","0","11","0","0","0","0","bye","0","0","0","0","11","11.0"
"Rodney Adams","WR","CHI","0","0","0","0","0","0","0","0","0","bye","0","0","10","0","0","0","0","0","10","10.0"
"Michael Bandy","WR","LAC","0","0","0","0","0","0","bye","0","0","0","0","0","0","0","0","10","0","0","10","10.0"
"Kenjon Barner","RB","TB","0","0","0","0","0","0","0","0","bye","0","0","0","0","0","0","0","0","9","9","3.0"
"Devin Smith","WR","JAC","9","0","0","0","0","0","bye","0","0","0","0","0","0","0","0","0","0","0","9","9.0"
"Trey Ragas","RB","LV","0","0","0","0","0","0","0","bye","0","0","0","0","0","9","0","0","0","0","9","9.0"
"Nick Bawden","RB","NYJ","0","0","0","0","0","bye","0","0","0","0","8","0","0","0","0","0","0","0","8","8.0"
"JaQuan Hardy","RB","DAL","0","0","0","0","0","0","bye","0","0","0","0","0","0","2","0","0","0","6","8","4.0"
"C.J. Beathard","QB","JAC","0","0","0","0","0","0","bye","0","6","0","0","0","1","0","0","0","0","0","7","3.5"
"Miles Boykin","WR","BAL","0","0","0","0","0","4","0","bye","0","0","0","0","0","0","0","3","0","0","7","3.5"
"Darius Bradwell","RB","LAC","0","0","0","0","0","0","bye","0","0","0","0","7","0","0","0","0","0","0","7","7.0"
"Tutu Atwell","WR","LAR","0","0","0","0","0","7","0","0","0","0","bye","0","0","0","0","0","0","0","7","1.2"
"Logan Woodside","QB","TEN","0","0","0","0","0","0","1","1","1","0","0","0","bye","3","0","0","0","0","6","1.5"
"Buddy Howell","RB","LAR","0","0","0","0","0","0","0","6","0","0","bye","0","0","0","0","0","0","0","6","1.2"
"Jacques Patrick","RB","SF","0","0","0","6","0","bye","0","0","0","0","0","0","0","0","0","0","0","0","6","6.0"
"Antonio Gandy-Golden","WR","WAS","0","0","0","0","0","0","6","0","bye","0","0","0","0","0","0","0","0","0","6","6.0"
"Darrynton Evans","RB","TEN","0","0","0","0","0","0","6","0","0","0","0","0","bye","0","0","0","0","0","6","6.0"
"Mekhi Sargent","RB","Multi","1","0","1","0","0","0","0","0","0","0","0","0","2","0","0","0","0","2","6","1.5"
"Marquez Stevenson","WR","BUF","0","0","0","0","0","0","bye","0","0","0","0","1","0","0","2","0","3","0","6","1.2"
"Chase Daniel","QB","LAC","0","0","0","0","0","0","bye","0","0","0","0","0","0","5","0","0","0","0","5","5.0"
"Marvin Hall","WR","ATL","0","0","0","0","0","bye","0","0","0","0","0","0","0","0","0","5","0","0","5","5.0"
"Ito Smith","RB","DAL","0","0","0","0","0","0","bye","0","0","0","0","0","0","0","0","0","0","5","5","5.0"
"Jesper Horsted","TE","CHI","0","0","0","0","2","0","1","0","0","bye","0","0","0","0","2","0","0","0","5","1.3"
"Jacob Eason","QB","IND","0","5","0","0","0","0","0","0","0","0","0","0","0","bye","0","0","0","0","5","5.0"
"Dan Chisena","WR","MIN","0","0","0","0","0","0","bye","0","0","0","0","0","5","0","0","0","0","0","5","2.5"
"Feleipe Franks","QB","ATL","0","0","0","1","0","bye","0","0","2","1","1","0","0","0","0","0","0","0","5","1.0"
"Dillon Stoner","WR","LV","0","0","0","0","0","0","0","bye","1","4","0","0","0","0","0","0","0","0","5","2.5"
"Raheem Mostert","RB","SF","4","0","0","0","0","bye","0","0","0","0","0","0","0","0","0","0","0","0","4","4.0"
"Nathan Peterman","QB","LV","0","0","0","0","4","0","0","bye","0","0","0","0","0","0","0","0","0","0","4","4.0"
"Davis Webb","QB","BUF","0","0","0","0","0","0","bye","0","0","4","0","0","0","0","0","0","0","0","4","4.0"
"David Moore","WR","Multi","0","0","0","0","4","0","0","0","0","0","0","0","0","0","0","0","0","0","4","2.0"
"Keke Coutee","WR","IND","0","0","0","0","0","0","4","0","0","0","0","0","0","bye","0","0","0","0","4","4.0"
"Damarea Crockett","RB","DEN","0","0","4","0","0","0","0","0","0","0","bye","0","0","0","0","0","0","0","4","4.0"
"Devine Ozigbo","RB","Multi","0","0","0","0","0","0","4","0","0","0","0","0","0","0","0","0","0","0","4","2.0"
"David Blough","QB","DET","0","0","0","0","0","0","0","4","bye","0","0","0","0","0","0","0","0","0","4","4.0"
"Tommylee Lewis","WR","MIA","0","0","0","0","0","0","0","0","0","0","0","0","0","bye","0","3","0","0","3","1.5"
"John Kelly Jr.","RB","CLE","0","0","0","0","0","0","3","0","0","0","0","0","bye","0","0","0","0","0","3","3.0"
"Brandon Powell","WR","LAR","0","0","0","0","0","0","0","0","0","0","bye","0","0","0","2","1","0","0","3","0.5"
"Brett Rypien","QB","DEN","0","0","0","0","0","0","0","0","0","0","bye","0","0","0","0","0","3","0","3","3.0"
"Kellen Mond","QB","MIN","0","0","0","0","0","0","bye","0","0","0","0","0","0","0","0","0","3","0","3","3.0"
"Artavis Pierce","RB","CHI","0","0","0","0","0","3","0","0","0","bye","0","0","0","0","0","0","0","0","3","3.0"
"Mason Kinsey","WR","TEN","0","0","0","0","0","0","3","0","0","0","0","0","bye","0","0","0","0","0","3","3.0"
"Daurice Fountain","WR","KC","0","0","0","0","0","0","0","0","0","0","2","bye","0","0","0","0","0","0","2","2.0"
"Kurt Benkert","QB","GB","0","0","0","0","0","0","0","0","0","0","0","0","bye","2","0","0","0","0","2","2.0"
"Cullen Gillaspia","RB","NYG","0","0","1","0","0","0","1","0","0","bye","0","0","0","0","0","0","0","0","2","0.5"
"Andrew Beck","TE","DEN","0","0","0","0","0","0","0","0","0","0","bye","0","0","0","2","0","0","0","2","2.0"
"John Hightower","WR","PHI","0","0","0","0","0","0","0","0","2","0","0","0","0","bye","0","0","0","0","2","2.0"
"Maurice Ffrench","WR","LAC","0","0","0","0","0","0","bye","0","0","0","0","0","0","0","0","2","0","0","2","1.0"
"Nate McCrary","RB","BAL","0","0","0","0","0","0","0","bye","0","0","0","0","2","0","0","0","0","0","2","2.0"
"Taiwan Jones","RB","BUF","0","0","0","0","0","0","bye","1","0","0","0","0","0","0","0","0","0","0","1","0.1"
"Cody Thompson","WR","SEA","0","0","0","0","0","0","0","0","bye","0","0","0","0","0","1","0","0","0","1","0.5"
"Nsimba Webster","WR","CHI","0","0","0","0","0","0","0","0","0","bye","0","0","0","0","1","0","0","0","1","0.2"
"Nathan Cottrell","RB","JAC","0","0","0","0","0","0","bye","0","0","0","0","0","0","0","0","1","0","0","1","0.3"
"Miller Forristall","TE","CLE","0","0","0","0","0","0","0","0","0","0","0","0","bye","0","1","0","0","0","1","1.0"
"Nick Ralston","RB","DAL","0","0","1","0","0","0","bye","0","0","0","0","0","0","0","0","0","0","0","1","1.0"
""
""