"RK",TIERS,"PLAYER NAME",TEAM,"POS","BYE WEEK","SOS SEASON","ECR VS. ADP"
"1",1,"Jonathan Taylor",IND,"RB1","14","3 out of 5 stars","0"
"2",1,"Christian McCaffrey",CAR,"RB2","13","3 out of 5 stars","0"
"3",1,"Derrick Henry",TEN,"RB3","6","4 out of 5 stars","+1"
"4",1,"Dalvin Cook",MIN,"RB4","7","4 out of 5 stars","+4"
"5",1,"Austin Ekeler",LAC,"RB5","8","2 out of 5 stars","-2"
"6",2,"Joe Mixon",CIN,"RB6","10","3 out of 5 stars","+4"
"7",2,"Najee Harris",PIT,"RB7","9","3 out of 5 stars","0"
"8",2,"Justin Jefferson",MIN,"WR1","7","2 out of 5 stars","-2"
"9",2,"Nick Chubb",CLE,"RB8","9","3 out of 5 stars","+7"
"10",2,"Cooper Kupp",LAR,"WR2","7","2 out of 5 stars","-5"
"11",2,"Ja'Marr Chase",CIN,"WR3","10","3 out of 5 stars","-2"
"12",3,"Mark Andrews",BAL,"TE1","10","2 out of 5 stars","+13"
"13",3,"Alvin Kamara",NO,"RB9","14","3 out of 5 stars","+2"
"14",3,"Saquon Barkley",NYG,"RB10","9","3 out of 5 stars","+4"
"15",3,"D'Andre Swift",DET,"RB11","6","4 out of 5 stars","-4"
"16",3,"Travis Kelce",KC,"TE2","8","3 out of 5 stars","-2"
"17",3,"Stefon Diggs",BUF,"WR4","7","4 out of 5 stars","-4"
"18",3,"Davante Adams",LV,"WR5","6","2 out of 5 stars","-6"
"19",3,"Deebo Samuel",SF,"WR6","9","3 out of 5 stars","0"
"20",3,"Aaron Jones",GB,"RB12","14","3 out of 5 stars","+1"
"21",3,"CeeDee Lamb",DAL,"WR7","9","3 out of 5 stars","-1"
"22",3,"Javonte Williams",DEN,"RB13","9","3 out of 5 stars","-5"
"23",3,"Leonard Fournette",TB,"RB14","11","2 out of 5 stars","+1"
"24",4,"Mike Evans",TB,"WR8","11","4 out of 5 stars","+3"
"25",4,"Tyreek Hill",MIA,"WR9","11","2 out of 5 stars","-3"
"26",4,"James Conner",ARI,"RB15","13","2 out of 5 stars","+3"
"27",4,"A.J. Brown",PHI,"WR10","7","4 out of 5 stars","-1"
"28",4,"Kyle Pitts",ATL,"TE3","14","2 out of 5 stars","+3"
"29",4,"Tee Higgins",CIN,"WR11","10","3 out of 5 stars","+4"
"30",4,"Ezekiel Elliott",DAL,"RB16","9","4 out of 5 stars","-2"
"31",4,"Michael Pittman Jr.",IND,"WR12","14","4 out of 5 stars","+4"
"32",4,"Josh Allen",BUF,"QB1","7","3 out of 5 stars","-9"
"33",4,"Keenan Allen",LAC,"WR13","8","3 out of 5 stars","-3"
"34",4,"DJ Moore",CAR,"WR14","13","3 out of 5 stars","+8"
"35",4,"Mike Williams",LAC,"WR15","8","3 out of 5 stars","+11"
"36",4,"Courtland Sutton",DEN,"WR16","9","4 out of 5 stars","+15"
"37",5,"Breece Hall",NYJ,"RB17","10","4 out of 5 stars","0"
"38",5,"Cam Akers",LAR,"RB18","7","2 out of 5 stars","0"
"39",5,"Terry McLaurin",WAS,"WR17","14","4 out of 5 stars","+5"
"40",5,"Justin Herbert",LAC,"QB2","8","3 out of 5 stars","-4"
"41",5,"David Montgomery",CHI,"RB19","14","5 out of 5 stars","-7"
"42",5,"Elijah Mitchell",SF,"RB20","9","2 out of 5 stars","+6"
"43",5,"Travis Etienne Jr.",JAC,"RB21","11","3 out of 5 stars","-4"
"44",5,"Jaylen Waddle",MIA,"WR18","11","2 out of 5 stars","+1"
"45",5,"DK Metcalf",SEA,"WR19","11","4 out of 5 stars","+4"
"46",5,"J.K. Dobbins",BAL,"RB22","10","4 out of 5 stars","+7"
"47",5,"Brandin Cooks",HOU,"WR20","6","3 out of 5 stars","+8"
"48",5,"George Kittle",SF,"TE4","9","4 out of 5 stars","-8"
"49",5,"Diontae Johnson",PIT,"WR21","9","4 out of 5 stars","-8"
"50",5,"Patrick Mahomes II",KC,"QB3","8","2 out of 5 stars","-18"
"51",5,"Gabriel Davis",BUF,"WR22","7","4 out of 5 stars","+15"
"52",5,"Darren Waller",LV,"TE5","6","2 out of 5 stars","-5"
"53",5,"AJ Dillon",GB,"RB23","14","3 out of 5 stars","-1"
"54",5,"Allen Robinson II",LAR,"WR23","7","2 out of 5 stars","+8"
"55",6,"Lamar Jackson",BAL,"QB4","10","2 out of 5 stars","-5"
"56",6,"Marquise Brown",ARI,"WR24","13","2 out of 5 stars","+3"
"57",6,"Josh Jacobs",LV,"RB24","6","2 out of 5 stars","-14"
"58",6,"Jerry Jeudy",DEN,"WR25","9","4 out of 5 stars","+9"
"59",6,"Darnell Mooney",CHI,"WR26","14","3 out of 5 stars","+1"
"60",6,"Dalton Schultz",DAL,"TE6","9","3 out of 5 stars","+3"
"61",6,"Kyler Murray",ARI,"QB5","13","2 out of 5 stars","-4"
"62",6,"Rashod Bateman",BAL,"WR27","10","3 out of 5 stars","+23"
"63",6,"Jalen Hurts",PHI,"QB6","7","4 out of 5 stars","-2"
"64",6,"Damien Harris",NE,"RB25","10","4 out of 5 stars","+6"
"65",6,"Elijah Moore",NYJ,"WR28","10","1 out of 5 stars","+13"
"66",6,"Amari Cooper",CLE,"WR29","9","4 out of 5 stars","-2"
"67",6,"Chris Godwin",TB,"WR30","11","4 out of 5 stars","-11"
"68",6,"Michael Thomas",NO,"WR31","14","4 out of 5 stars","-3"
"69",6,"JuJu Smith-Schuster",KC,"WR32","8","2 out of 5 stars","+6"
"70",6,"Rashaad Penny",SEA,"RB26","11","2 out of 5 stars","+9"
"71",6,"Amon-Ra St. Brown",DET,"WR33","6","3 out of 5 stars","-17"
"72",7,"Dallas Goedert",PHI,"TE7","7","2 out of 5 stars","+11"
"73",7,"Clyde Edwards-Helaire",KC,"RB27","8","3 out of 5 stars","-4"
"74",7,"Miles Sanders",PHI,"RB28","7","3 out of 5 stars","+2"
"75",7,"Joe Burrow",CIN,"QB7","10","2 out of 5 stars","-17"
"76",7,"Antonio Gibson",WAS,"RB29","14","4 out of 5 stars","-8"
"77",7,"Adam Thielen",MIN,"WR34","7","2 out of 5 stars","-5"
"78",7,"Brandon Aiyuk",SF,"WR35","9","3 out of 5 stars","+13"
"79",7,"T.J. Hockenson",DET,"TE8","6","4 out of 5 stars","-8"
"80",7,"Chase Edmonds",MIA,"RB30","11","4 out of 5 stars","+4"
"81",7,"DeVonta Smith",PHI,"WR36","7","4 out of 5 stars","+7"
"82",7,"Allen Lazard",GB,"WR37","14","3 out of 5 stars","+22"
"83",7,"Tom Brady",TB,"QB8","11","3 out of 5 stars","+4"
"84",7,"Russell Wilson",DEN,"QB9","9","4 out of 5 stars","-2"
"85",7,"Rhamondre Stevenson",NE,"RB31","10","4 out of 5 stars","+4"
"86",7,"Tony Pollard",DAL,"RB32","9","4 out of 5 stars","-6"
"87",7,"Tyler Lockett",SEA,"WR38","11","4 out of 5 stars","+7"
"88",7,"Kareem Hunt",CLE,"RB33","9","3 out of 5 stars","-7"
"89",7,"Dak Prescott",DAL,"QB10","9","3 out of 5 stars","-15"
"90",7,"Devin Singletary",BUF,"RB34","7","4 out of 5 stars","-17"
"91",7,"Drake London",ATL,"WR39","14","4 out of 5 stars","+2"
"92",7,"Dawson Knox",BUF,"TE9","7","3 out of 5 stars","+10"
"93",7,"Dameon Pierce",HOU,"RB35","6","3 out of 5 stars","+6"
"94",7,"DeAndre Hopkins",ARI,"WR40","13","2 out of 5 stars","-2"
"95",7,"Trey Lance",SF,"QB11","9","3 out of 5 stars","+8"
"96",7,"Christian Kirk",JAC,"WR41","11","4 out of 5 stars","+4"
"97",7,"Cordarrelle Patterson",ATL,"RB36","14","1 out of 5 stars","-20"
"98",7,"Melvin Gordon III",DEN,"RB37","9","3 out of 5 stars","0"
"99",7,"Zach Ertz",ARI,"TE10","13","3 out of 5 stars","-4"
"100",7,"Hunter Renfrow",LV,"WR42","6","2 out of 5 stars","-14"
"101",7,"Robert Woods",TEN,"WR43","6","3 out of 5 stars","0"
"102",8,"Matthew Stafford",LAR,"QB12","7","3 out of 5 stars","-6"
"103",8,"Ken Walker III",SEA,"RB38","11","2 out of 5 stars","-13"
"104",8,"Aaron Rodgers",GB,"QB13","14","2 out of 5 stars","-7"
"105",8,"Kadarius Toney",NYG,"WR44","9","4 out of 5 stars","+8"
"106",8,"Kirk Cousins",MIN,"QB14","7","3 out of 5 stars","+5"
"107",8,"Derek Carr",LV,"QB15","6","2 out of 5 stars","+3"
"108",8,"Treylon Burks",TEN,"WR45","6","3 out of 5 stars","-3"
"109",8,"Chris Olave",NO,"WR46","14","4 out of 5 stars","-3"
"110",8,"Chase Claypool",PIT,"WR47","9","4 out of 5 stars","+2"
"111",8,"James Cook",BUF,"RB39","7","4 out of 5 stars","-3"
"112",8,"Cole Kmet",CHI,"TE11","14","5 out of 5 stars","+5"
"113",8,"Hunter Henry",NE,"TE12","10","4 out of 5 stars","+44"
"114",8,"Darrell Henderson Jr.",LAR,"RB40","7","2 out of 5 stars","+2"
"115",8,"Pat Freiermuth",PIT,"TE13","9","4 out of 5 stars","+3"
"116",8,"Michael Carter",NYJ,"RB41","10","4 out of 5 stars","-9"
"117",8,"James Robinson",JAC,"RB42","11","3 out of 5 stars","-8"
"118",8,"Tua Tagovailoa",MIA,"QB16","11","2 out of 5 stars","+7"
"119",8,"Garrett Wilson",NYJ,"WR48","10","1 out of 5 stars","+2"
"120",8,"Justin Fields",CHI,"QB17","14","4 out of 5 stars","+7"
"121",8,"Skyy Moore",KC,"WR49","8","2 out of 5 stars","+8"
"122",8,"Trevor Lawrence",JAC,"QB18","11","5 out of 5 stars","+19"
"123",8,"Alexander Mattison",MIN,"RB43","7","4 out of 5 stars","-9"
"124",8,"Marquez Valdes-Scantling",KC,"WR50","8","2 out of 5 stars","+14"
"125",8,"Tyler Boyd",CIN,"WR51","10","3 out of 5 stars","-3"
"126",8,"Mike Gesicki",MIA,"TE14","11","3 out of 5 stars","0"
"127",9,"Russell Gage",TB,"WR52","11","4 out of 5 stars","-8"
"128",9,"Kenneth Gainwell",PHI,"RB44","7","3 out of 5 stars","-5"
"129",9,"Irv Smith Jr.",MIN,"TE15","7","3 out of 5 stars","+5"
"130",9,"Albert Okwuegbunam",DEN,"TE16","9","3 out of 5 stars","+17"
"131",9,"David Njoku",CLE,"TE17","9","4 out of 5 stars","+28"
"132",9,"Brian Robinson Jr.",WAS,"RB45","14","4 out of 5 stars","-17"
"133",9,"Jameis Winston",NO,"QB19","14","3 out of 5 stars","+27"
"134",9,"Jamaal Williams",DET,"RB46","6","4 out of 5 stars","+9"
"135",9,"Khalil Herbert",CHI,"RB47","14","5 out of 5 stars","-2"
"136",9,"Michael Gallup",DAL,"WR53","9","3 out of 5 stars","+8"
"137",9,"Jakobi Meyers",NE,"WR54","10","4 out of 5 stars","-6"
"138",9,"Matt Ryan",IND,"QB20","14","3 out of 5 stars","+12"
"139",9,"Nyheim Hines",IND,"RB48","14","3 out of 5 stars","-15"
"140",9,"DeVante Parker",NE,"WR55","10","4 out of 5 stars","+8"
"141",9,"Tyler Allgeier",ATL,"RB49","14","1 out of 5 stars","-2"
"142",9,"DJ Chark Jr.",DET,"WR56","6","3 out of 5 stars","-10"
"143",9,"Raheem Mostert",MIA,"RB50","11","4 out of 5 stars","-3"
"144",9,"Noah Fant",SEA,"TE18","11","2 out of 5 stars","+21"
"145",9,"Robert Tonyan",GB,"TE19","14","1 out of 5 stars","+26"
"146",9,"Tyler Higbee",LAR,"TE20","7","3 out of 5 stars","+61"
"147",9,"Gerald Everett",LAC,"TE21","8","4 out of 5 stars","+35"
"148",9,"Kenny Golladay",NYG,"WR57","9","4 out of 5 stars","-3"
"149",9,"George Pickens",PIT,"WR58","9","4 out of 5 stars","-19"
"150",9,"Ryan Tannehill",TEN,"QB21","6","4 out of 5 stars","+5"
"151",9,"Jarvis Landry",NO,"WR59","14","4 out of 5 stars","-14"
"152",9,"Isaiah Spiller",LAC,"RB51","8","2 out of 5 stars","-32"
"153",9,"Rachaad White",TB,"RB52","11","2 out of 5 stars","-25"
"154",9,"Rondale Moore",ARI,"WR60","13","2 out of 5 stars","-19"
"155",9,"Buffalo Bills",BUF,"DST1","7","4 out of 5 stars","+18"
"156",9,"Julio Jones",TB,"WR61","11","4 out of 5 stars","-5"
"157",9,"Tampa Bay Buccaneers",TB,"DST2","11","4 out of 5 stars","+29"
"158",9,"Daniel Jones",NYG,"QB22","9","5 out of 5 stars","+58"
"159",9,"Mac Jones",NE,"QB23","10","4 out of 5 stars","+5"
"160",9,"Jahan Dotson",WAS,"WR62","14","4 out of 5 stars","-14"
"161",9,"Evan Engram",JAC,"TE22","11","4 out of 5 stars","+24"
"162",9,"J.D. McKissic",WAS,"RB53","14","4 out of 5 stars","-26"
"163",10,"Nico Collins",HOU,"WR63","6","3 out of 5 stars","+33"
"164",10,"Austin Hooper",TEN,"TE23","6","5 out of 5 stars","+76"
"165",10,"San Francisco 49ers",SF,"DST3","9","4 out of 5 stars","+43"
"166",10,"Zamir White",LV,"RB54","6","2 out of 5 stars","+3"
"167",10,"Corey Davis",NYJ,"WR64","10","1 out of 5 stars","+17"
"168",10,"Marlon Mack",HOU,"RB55","6","3 out of 5 stars","-5"
"169",10,"Mark Ingram II",NO,"RB56","14","3 out of 5 stars","+3"
"170",10,"Carson Wentz",WAS,"QB24","14","4 out of 5 stars","+18"
"171",10,"Gus Edwards",BAL,"RB57","10","4 out of 5 stars","+3"
"172",10,"Indianapolis Colts",IND,"DST4","14","3 out of 5 stars","+29"
"173",10,"Jared Goff",DET,"QB25","6","3 out of 5 stars","+26"
"174",10,"Justin Tucker",BAL,"K1","10","3 out of 5 stars","-32"
"175",10,"Sony Michel",MIA,"RB58","11","4 out of 5 stars","+22"
"176",10,"Logan Thomas",WAS,"TE24","14","4 out of 5 stars","+44"
"177",10,"Joshua Palmer",LAC,"WR65","8","3 out of 5 stars","-7"
"178",10,"Zach Wilson",NYJ,"QB26","10","1 out of 5 stars","+20"
"179",10,"Mecole Hardman",KC,"WR66","8","2 out of 5 stars","-23"
"180",10,"Denver Broncos",DEN,"DST5","9","3 out of 5 stars","+46"
"181",10,"New Orleans Saints",NO,"DST6","14","3 out of 5 stars","+24"
"182",10,"K.J. Osborn",MIN,"WR67","7","2 out of 5 stars","+5"
"183",10,"Van Jefferson",LAR,"WR68","7","2 out of 5 stars","+19"
"184",10,"Robbie Anderson",CAR,"WR69","13","3 out of 5 stars","+5"
"185",10,"New England Patriots",NE,"DST7","10","3 out of 5 stars","+19"
"186",10,"Los Angeles Rams",LAR,"DST8","7","3 out of 5 stars","+32"
"187",10,"D'Onta Foreman",CAR,"RB59","13","3 out of 5 stars","-10"
"188",10,"Hayden Hurst",CIN,"TE25","10","2 out of 5 stars","+39"
"189",10,"Jameson Williams",DET,"WR70","6","3 out of 5 stars","-35"
"190",10,"Tyler Bass",BUF,"K2","7","4 out of 5 stars","-9"
"191",10,"Davis Mills",HOU,"QB27","6","4 out of 5 stars","-13"
"192",10,"Christian Watson",GB,"WR71","14","3 out of 5 stars","-25"
"193",10,"Baker Mayfield",CAR,"QB28","13","3 out of 5 stars","-18"
"194",10,"Jalen Tolbert",DAL,"WR72","9","3 out of 5 stars","-45"
"195",10,"Marvin Jones Jr.",JAC,"WR73","11","4 out of 5 stars","+8"
"196",10,"Matt Gay",LAR,"K3","7","2 out of 5 stars","-20"
"197",10,"Darrel Williams",ARI,"RB60","13","2 out of 5 stars","-36"
"198",10,"Isiah Pacheco",KC,"RB61","8","3 out of 5 stars","-7"
"199",10,"Ronald Jones II",KC,"RB62","8","3 out of 5 stars","-37"
"200",10,"Dallas Cowboys",DAL,"DST9","9","2 out of 5 stars","-8"
"201",10,"Evan McPherson",CIN,"K4","10","0 out of 5 stars","-43"
"202",10,"Los Angeles Chargers",LAC,"DST10","8","4 out of 5 stars","+32"
"203",10,"Daniel Carlson",LV,"K5","6","2 out of 5 stars","-50"
"204",10,"KJ Hamler",DEN,"WR74","9","4 out of 5 stars","+25"
"205",10,"Boston Scott",PHI,"RB63","7","3 out of 5 stars","+44"
"206",11,"Donovan Peoples-Jones",CLE,"WR75","9","4 out of 5 stars","+15"
"207",11,"Miami Dolphins",MIA,"DST11","11","3 out of 5 stars","+4"
"208",11,"Curtis Samuel",WAS,"WR76","14","4 out of 5 stars","+4"
"209",11,"Green Bay Packers",GB,"DST12","14","3 out of 5 stars","+59"
"210",11,"Brevin Jordan",HOU,"TE26","6","3 out of 5 stars","+51"
"211",11,"Wan'Dale Robinson",NYG,"WR77","9","4 out of 5 stars","-21"
"212",11,"Parris Campbell",IND,"WR78","14","4 out of 5 stars","+11"
"213",11,"Alec Pierce",IND,"WR79","14","4 out of 5 stars","-34"
"214",11,"Kendrick Bourne",NE,"WR80","10","4 out of 5 stars","+38"
"215",11,"Isaiah McKenzie",BUF,"WR81","7","4 out of 5 stars","-47"
"216",11,"Kansas City Chiefs",KC,"DST13","8","3 out of 5 stars","+28"
"217",11,"Tyrion Davis-Price",SF,"RB64","9","2 out of 5 stars","-24"
"218",11,"Harrison Butker",KC,"K6","8","5 out of 5 stars","-52"
"219",11,"Marcus Mariota",ATL,"QB29","14","3 out of 5 stars","+9"
"220",11,"Jamison Crowder",BUF,"WR82","7","4 out of 5 stars","+19"
"221",11,"Ryan Succop",TB,"K7","11","1 out of 5 stars","+24"
"222",11,"Matt Prater",ARI,"K8","13","2 out of 5 stars","-27"
"223",11,"Baltimore Ravens",BAL,"DST14","10","4 out of 5 stars","+37"
"224",11,"Romeo Doubs",GB,"WR83","14","3 out of 5 stars","-72"
"225",11,"Cleveland Browns",CLE,"DST15","9","4 out of 5 stars","+64"
"226",11,"Mo Alie-Cox",IND,"TE27","14","2 out of 5 stars","+49"
"227",11,"A.J. Green",ARI,"WR84","13","2 out of 5 stars","+46"
"228",11,"Pittsburgh Steelers",PIT,"DST16","9","5 out of 5 stars","+36"
"229",11,"Chuba Hubbard",CAR,"RB65","13","3 out of 5 stars","-15"
"230",11,"Philadelphia Eagles",PHI,"DST17","7","2 out of 5 stars","+67"
"231",11,"Jonnu Smith",NE,"TE28","10","4 out of 5 stars","+28"
"232",11,"Jason Sanders",MIA,"K9","11","1 out of 5 stars","+82"
"233",11,"Rodrigo Blankenship",IND,"K10","14","4 out of 5 stars","-18"
"234",11,"David Bell",CLE,"WR85","9","4 out of 5 stars","+4"
"235",11,"Samaje Perine",CIN,"RB66","10","3 out of 5 stars","+27"
"236",11,"D'Ernest Johnson",CLE,"RB67","9","3 out of 5 stars","-5"
"237",11,"Younghoe Koo",ATL,"K11","14","1 out of 5 stars","-1"
"238",11,"Sterling Shepard",NYG,"WR86","9","4 out of 5 stars","+52"
"239",11,"Brandon McManus",DEN,"K12","9","4 out of 5 stars","-15"
"240",11,"Jeff Wilson Jr.",SF,"RB68","9","2 out of 5 stars","-46"
"241",11,"Zack Moss",BUF,"RB69","7","4 out of 5 stars","+74"
"242",11,"Trey Sermon",SF,"RB70","9","2 out of 5 stars","+23"
"243",11,"Damien Williams",ATL,"RB71","14","1 out of 5 stars","+38"
"244",11,"Arizona Cardinals",ARI,"DST18","13","3 out of 5 stars","+65"
"245",11,"Deshaun Watson",CLE,"QB30","9","4 out of 5 stars","-65"
"246",11,"Laviska Shenault Jr.",JAC,"WR87","11","4 out of 5 stars","+38"
"247",11,"Nick Folk",NE,"K13","10","5 out of 5 stars","0"
"248",11,"Zay Jones",JAC,"WR88","11","4 out of 5 stars","+34"
"249",11,"Robbie Gould",SF,"K14","9","3 out of 5 stars","+30"
"250",11,"Jerick McKinnon",KC,"RB72","8","3 out of 5 stars","-4"
"251",11,"Mitch Trubisky",PIT,"QB31","9","3 out of 5 stars","-18"
"252",11,"Cincinnati Bengals",CIN,"DST19","10","4 out of 5 stars","+40"
"253",11,"Tennessee Titans",TEN,"DST20","6","2 out of 5 stars","+10"
"254",11,"Terrace Marshall Jr.",CAR,"WR89","13","3 out of 5 stars","-6"
"255",11,"Byron Pringle",CHI,"WR90","14","3 out of 5 stars","+36"
"256",11,"Jake Elliott",PHI,"K15","7","2 out of 5 stars","+46"
"257",11,"Adam Trautman",NO,"TE29","14","4 out of 5 stars","+42"
"258",12,"Mike Davis",BAL,"RB73","10","4 out of 5 stars","-49"
"259",12,"Dustin Hopkins",LAC,"K16","8","5 out of 5 stars","-16"
"260",12,"Sammy Watkins",GB,"WR91","14","3 out of 5 stars","-77"
"261",12,"Bryan Edwards",ATL,"WR92","14","4 out of 5 stars","+35"
"262",12,"Randall Cobb",GB,"WR93","14","3 out of 5 stars","+31"
"263",12,"Rex Burkhead",HOU,"RB74","6","3 out of 5 stars","+42"
"264",12,"Cameron Brate",TB,"TE30","11","3 out of 5 stars","-39"
"265",12,"Carolina Panthers",CAR,"DST21","13","4 out of 5 stars","+48"
"266",12,"Wil Lutz",NO,"K17","14","4 out of 5 stars","-25"
"267",12,"Minnesota Vikings",MIN,"DST22","7","2 out of 5 stars","-1"
"268",12,"Greg Zuerlein",NYJ,"K18","10","0 out of 5 stars","+85"
"269",12,"Eno Benjamin",ARI,"RB75","13","2 out of 5 stars","-32"
"270",12,"Braxton Berrios",NYJ,"WR94","10","1 out of 5 stars","+57"
"271",12,"Chris Boswell",PIT,"K19","9","3 out of 5 stars","+60"
"272",12,"C.J. Uzomah",NYJ,"TE31","10","3 out of 5 stars","+8"
"273",12,"Dan Arnold",JAC,"TE32","11","4 out of 5 stars","+89"
"274",12,"Mason Crosby",GB,"K20","14","4 out of 5 stars","+84"
"275",12,"Marquez Callaway",NO,"WR95","14","4 out of 5 stars","+13"
"276",12,"Nelson Agholor",NE,"WR96","10","4 out of 5 stars","+72"
"277",12,"Cedrick Wilson Jr.",MIA,"WR97","11","2 out of 5 stars","+9"
"278",12,"Matt Breida",NYG,"RB76","9","3 out of 5 stars","-21"
"279",12,"William Fuller V",FA,"WR98","-","-","-23"
"280",12,"Chicago Bears",CHI,"DST23","14","1 out of 5 stars","+39"
"281",12,"Hassan Haskins",TEN,"RB77","6","4 out of 5 stars","-75"
"282",12,"Washington Commanders",WAS,"DST24","14","1 out of 5 stars","+74"
"283",12,"Greg Joseph",MIN,"K21","7","0 out of 5 stars","-5"
"284",12,"Kenyan Drake",FA,"RB78","-","-","-62"
"285",12,"Myles Gaskin",MIA,"RB79","11","4 out of 5 stars","-50"
"286",12,"Ke'Shawn Vaughn",TB,"RB80","11","2 out of 5 stars","-17"
"287",12,"Graham Gano",NYG,"K22","9","1 out of 5 stars","+43"
"288",12,"Trey McBride",ARI,"TE33","13","3 out of 5 stars","-11"
"289",12,"Joshua Kelley",LAC,"RB81","8","2 out of 5 stars","-59"
"290",12,"Phillip Lindsay",IND,"RB82","14","3 out of 5 stars","-"
"291",12,"Jason Myers",SEA,"K23","11","5 out of 5 stars","+90"
"292",12,"Odell Beckham Jr.",FA,"WR99","-","-","-82"
"293",12,"O.J. Howard",BUF,"TE34","7","3 out of 5 stars","-"
"294",12,"New York Giants",NYG,"DST25","9","2 out of 5 stars","+26"
"295",12,"Kenny Pickett",PIT,"QB32","9","3 out of 5 stars","-82"
"296",12,"Randy Bullock",TEN,"K24","6","3 out of 5 stars","+70"
"297",12,"Seattle Seahawks",SEA,"DST26","11","3 out of 5 stars","-3"
"298",12,"Cairo Santos",CHI,"K25","14","3 out of 5 stars","0"
"299",12,"Kyle Rudolph",TB,"TE35","11","3 out of 5 stars","-82"
"300",12,"Josh Reynolds",DET,"WR100","6","3 out of 5 stars","-"
"301",12,"New York Jets",NYJ,"DST27","10","4 out of 5 stars","+10"
"302",12,"Chris Evans",CIN,"RB83","10","3 out of 5 stars","-47"
"303",12,"Quez Watkins",PHI,"WR101","7","4 out of 5 stars","+57"
"304",12,"Drew Lock",SEA,"QB33","11","3 out of 5 stars","-37"
"305",12,"Ka'imi Fairbairn",HOU,"K26","6","4 out of 5 stars","-"
"306",12,"Tre'Quan Smith",NO,"WR102","14","4 out of 5 stars","+53"
"307",12,"Jacoby Brissett",CLE,"QB34","9","4 out of 5 stars","-54"
"308",13,"Darius Slayton",NYG,"WR103","9","4 out of 5 stars","-"
"309",13,"Jacksonville Jaguars",JAC,"DST28","11","2 out of 5 stars","-"
"310",13,"Greg Dulcich",DEN,"TE36","9","3 out of 5 stars","-10"
"311",13,"Velus Jones Jr.",CHI,"WR104","14","3 out of 5 stars","-4"
"312",13,"Jimmy Garoppolo",SF,"QB35","9","3 out of 5 stars","-80"
"313",13,"Nick Westbrook-Ikhine",TEN,"WR105","6","3 out of 5 stars","-7"
"314",13,"Daniel Bellinger",NYG,"TE37","9","4 out of 5 stars","-13"
"315",13,"Kyren Williams",LAR,"RB84","7","2 out of 5 stars","-57"
"316",13,"Geno Smith",SEA,"QB36","11","3 out of 5 stars","+20"
"317",13,"Dyami Brown",WAS,"WR106","14","4 out of 5 stars","+57"
"318",13,"Tyler Conklin",NYJ,"TE38","10","3 out of 5 stars","+28"
"319",13,"Devin Duvernay",BAL,"WR107","10","3 out of 5 stars","-49"
"320",13,"Pierre Strong Jr.",NE,"RB85","10","4 out of 5 stars","-17"
"321",13,"Jalen Reagor",PHI,"WR108","7","4 out of 5 stars","-"
"322",13,"Justin Jackson",DET,"RB86","6","4 out of 5 stars","-"
"323",13,"Dontrell Hilliard",TEN,"RB87","6","4 out of 5 stars","-123"
"324",13,"Tyler Badie",BAL,"RB88","10","4 out of 5 stars","-41"
"325",13,"Harrison Bryant",CLE,"TE39","9","4 out of 5 stars","-"
"326",13,"Quintez Cephus",DET,"WR109","6","3 out of 5 stars","-"
"327",13,"Ameer Abdullah",LV,"RB89","6","2 out of 5 stars","-55"
"328",13,"Ty Johnson",NYJ,"RB90","10","4 out of 5 stars","+42"
"329",13,"Emmanuel Sanders",FA,"WR110","-","-","+12"
"330",13,"Giovani Bernard",TB,"RB91","11","2 out of 5 stars","+31"
"331",13,"Darrynton Evans",CHI,"RB92","14","5 out of 5 stars","-"
"332",13,"Isaiah Likely",BAL,"TE40","10","2 out of 5 stars","-90"
"333",13,"Tevin Coleman",NYJ,"RB93","10","4 out of 5 stars","+34"
"334",13,"Salvon Ahmed",MIA,"RB94","11","4 out of 5 stars","-"
"335",13,"Duke Johnson Jr.",BUF,"RB95","7","4 out of 5 stars","-7"
"336",13,"Kyle Philips",TEN,"WR111","6","3 out of 5 stars","-"
"337",13,"Tommy Tremble",CAR,"TE41","13","3 out of 5 stars","-"
"338",13,"Chase McLaughlin",FA,"K27","-","-","-"
"339",13,"Donald Parham Jr.",LAC,"TE42","8","4 out of 5 stars","-"
"340",13,"Desmond Ridder",ATL,"QB37","14","3 out of 5 stars","-90"
"341",13,"Snoop Conner",JAC,"RB96","11","3 out of 5 stars","-"
"342",13,"Josh Lambo",FA,"K28","-","-","-"
"343",13,"Sam Darnold",CAR,"QB38","13","3 out of 5 stars","+28"
"344",13,"Las Vegas Raiders",LV,"DST29","6","3 out of 5 stars","-70"
"345",13,"Jaylen Warren",PIT,"RB97","9","3 out of 5 stars","-28"
"346",13,"Jerome Ford",CLE,"RB98","9","3 out of 5 stars","-"
"347",13,"James Proche II",BAL,"WR112","10","3 out of 5 stars","-"
"348",13,"Cole Beasley",FA,"WR113","-","-","-4"
"349",13,"Jalen Guyton",LAC,"WR114","8","3 out of 5 stars","-37"
"350",13,"Foster Moreau",LV,"TE43","6","2 out of 5 stars","-"
"351",13,"Jared Cook",FA,"TE44","-","-","+14"
"352",13,"Jaret Patterson",WAS,"RB99","14","4 out of 5 stars","-5"
"353",13,"Jelani Woods",IND,"TE45","14","2 out of 5 stars","-37"
"354",13,"Cade York",CLE,"K29","9","3 out of 5 stars","-69"
"355",13,"Anthony Firkser",ATL,"TE46","14","2 out of 5 stars","-"
"356",13,"Tyquan Thornton",NE,"WR115","10","4 out of 5 stars","-105"
"357",14,"Brett Maher",DAL,"K30","9","5 out of 5 stars","-"
"358",14,"Detroit Lions",DET,"DST30","6","2 out of 5 stars","-54"
"359",14,"Khalil Shakir",BUF,"WR116","7","4 out of 5 stars","-20"
"360",14,"Ty Montgomery",NE,"RB100","10","4 out of 5 stars","-"
"361",14,"T.Y. Hilton",FA,"WR117","-","-","-11"
"362",14,"Danny Gray",SF,"WR118","9","3 out of 5 stars","-"
"363",14,"Malcolm Brown",FA,"RB101","-","-","-"
"364",14,"Olamide Zaccheaus",ATL,"WR119","14","4 out of 5 stars","-54"
"365",14,"Cade Otton",TB,"TE47","11","3 out of 5 stars","-"
"366",14,"Atlanta Falcons",ATL,"DST31","14","5 out of 5 stars","-95"
"367",14,"James Washington",DAL,"WR120","9","3 out of 5 stars","-46"
"368",14,"David Johnson",FA,"RB102","-","-","-39"
"369",14,"John Metchie III",HOU,"WR121","6","3 out of 5 stars","-74"
"370",14,"Taysom Hill",NO,"TE48","14","4 out of 5 stars","-151"
"371",14,"John Bates",WAS,"TE49","14","4 out of 5 stars","-"
"372",14,"Devontae Booker",FA,"RB103","-","-","-27"
"373",14,"Kene Nwangwu",MIN,"RB104","7","4 out of 5 stars","+2"
"374",14,"Rashard Higgins",CAR,"WR122","13","3 out of 5 stars","-"
"375",14,"Keaontay Ingram",ARI,"RB105","13","2 out of 5 stars","-121"
"376",14,"Amari Rodgers",GB,"WR123","14","3 out of 5 stars","-68"
"377",14,"Latavius Murray",FA,"RB106","-","-","-22"
"378",14,"DeeJay Dallas",SEA,"RB107","11","2 out of 5 stars","-"
"379",14,"Demarcus Robinson",BAL,"WR124","10","3 out of 5 stars","-"
"380",14,"Joey Slye",WAS,"K31","14","4 out of 5 stars","-93"
"381",14,"Malik Willis",TEN,"QB39","6","4 out of 5 stars","-49"
"382",14,"Devonta Freeman",FA,"RB108","-","-","-33"
"383",14,"Anthony Schwartz",CLE,"WR125","9","4 out of 5 stars","-"
"384",14,"Jauan Jennings",SF,"WR126","9","3 out of 5 stars","-"
"385",14,"Josiah Deguara",GB,"TE50","14","1 out of 5 stars","-"
"386",14,"Calvin Austin III",PIT,"WR127","9","4 out of 5 stars","-"
"387",14,"Houston Texans",HOU,"DST32","6","4 out of 5 stars","-"
"388",14,"Benny Snell Jr.",PIT,"RB109","9","3 out of 5 stars","-112"
"389",14,"Kylen Granson",IND,"TE51","14","2 out of 5 stars","-"
"390",14,"Laquon Treadwell",JAC,"WR128","11","4 out of 5 stars","-"
"391",14,"Noah Brown",DAL,"WR129","9","3 out of 5 stars","-"
"392",14,"Austin Seibert",DET,"K32","6","3 out of 5 stars","-"
"393",14,"Chris Conley",HOU,"WR130","6","3 out of 5 stars","-"
"394",14,"Teddy Bridgewater",MIA,"QB40","11","2 out of 5 stars","-"
"395",14,"Zane Gonzalez",CAR,"K33","13","4 out of 5 stars","-15"
"396",14,"Wayne Gallman Jr.",FA,"RB110","-","-","-71"
"397",14,"Dee Eskridge",SEA,"WR131","11","4 out of 5 stars","-18"
"398",14,"Travis Homer",SEA,"RB111","11","2 out of 5 stars","-22"
"399",14,"Equanimeous St. Brown",CHI,"WR132","14","3 out of 5 stars","-"
"400",14,"Deonte Harty",NO,"WR133","14","4 out of 5 stars","-28"
"401",14,"Ashton Dulin",IND,"WR134","14","4 out of 5 stars","-"
"402",14,"Trestan Ebner",CHI,"RB112","14","5 out of 5 stars","-"
"403",14,"Tyler Johnson",TB,"WR135","11","4 out of 5 stars","-"
"404",14,"Brandon Bolden",LV,"RB113","6","2 out of 5 stars","-40"
"405",14,"Joe Flacco",NYJ,"QB41","10","1 out of 5 stars","-"
"406",14,"Jonathan Garibay",FA,"K34","-","-","-22"
"407",14,"Pharaoh Brown",HOU,"TE52","6","3 out of 5 stars","-24"
"408",14,"Tony Jones Jr.",NO,"RB114","14","3 out of 5 stars","-"
"409",14,"Tristan Vizcaino",NE,"K35","10","5 out of 5 stars","-"
"410",14,"Abram Smith",NO,"RB115","14","3 out of 5 stars","-"
"411",14,"Derrick Gore",FA,"RB116","-","-","-"
"412",14,"Zach Pascal",PHI,"WR136","7","4 out of 5 stars","-60"
"413",14,"Anthony McFarland Jr.",PIT,"RB117","9","3 out of 5 stars","-"
"414",14,"Juwan Johnson",NO,"TE53","14","4 out of 5 stars","-"
"415",14,"Craig Reynolds",DET,"RB118","6","4 out of 5 stars","-"
"416",14,"Tutu Atwell",LAR,"WR137","7","2 out of 5 stars","-"
"417",14,"Justin Watson",KC,"WR138","8","2 out of 5 stars","-"
"418",14,"Geoff Swaim",TEN,"TE54","6","5 out of 5 stars","-"
"419",15,"Antonio Brown",FA,"WR139","-","-","-86"
"420",15,"Keelan Cole Sr.",LV,"WR140","6","2 out of 5 stars","-"
"421",15,"Mack Hollins",LV,"WR141","6","2 out of 5 stars","-"
"422",15,"Ty Chandler",MIN,"RB119","7","4 out of 5 stars","-"
"423",15,"Riley Patterson",DET,"K36","6","3 out of 5 stars","-"
"424",15,"Will Dissly",SEA,"TE55","11","2 out of 5 stars","-"
"425",15,"Justice Hill",BAL,"RB120","10","4 out of 5 stars","-"
"426",15,"Blake Jarwin",FA,"TE56","-","-","-"
"427",15,"Tyrod Taylor",NYG,"QB42","9","5 out of 5 stars","-50"
"428",15,"Sam Howell",WAS,"QB43","14","4 out of 5 stars","-"
"429",15,"Eric Ebron",FA,"TE57","-","-","-"
"430",15,"Mike Boone",DEN,"RB121","9","3 out of 5 stars","-"
"431",15,"Kyle Juszczyk",SF,"RB122","9","2 out of 5 stars","-"
"432",15,"Antoine Wesley",ARI,"WR142","13","2 out of 5 stars","-"
"433",15,"Jordan Mason",SF,"RB123","9","2 out of 5 stars","-"
"434",15,"Tyler Huntley",BAL,"QB44","10","2 out of 5 stars","-"
"435",15,"N'Keal Harry",CHI,"WR143","14","3 out of 5 stars","-98"
"436",15,"Jeremy Ruckert",NYJ,"TE58","10","3 out of 5 stars","-"
"437",15,"Chigoziem Okonkwo",TEN,"TE59","6","5 out of 5 stars","-"
"438",15,"Tylan Wallace",BAL,"WR144","10","3 out of 5 stars","-"
"439",15,"Jamal Agnew",JAC,"WR145","11","4 out of 5 stars","-"
"440",15,"Tarik Cohen",FA,"RB124","-","-","-"
"441",15,"Kalif Raymond",DET,"WR146","6","3 out of 5 stars","-78"
"442",15,"Carlos Hyde",FA,"RB125","-","-","-"
"443",15,"Tyrell Williams",FA,"WR147","-","-","-"
"444",15,"Jeremy McNichols",PIT,"RB126","9","3 out of 5 stars","-"
"445",15,"Jake Ferguson",DAL,"TE60","9","3 out of 5 stars","-"
"446",15,"Ihmir Smith-Marsette",MIN,"WR148","7","2 out of 5 stars","-"
"447",15,"Auden Tate",FA,"WR149","-","-","-"
"448",15,"Ryan Santoso",NYG,"K37","9","1 out of 5 stars","-"
"449",15,"Gardner Minshew II",PHI,"QB45","7","4 out of 5 stars","-"
"450",15,"Quinn Nordin",FA,"K38","-","-","-"
"451",15,"Chris Herndon IV",FA,"TE61","-","-","-"
"452",15,"Dare Ogunbowale",HOU,"RB127","6","3 out of 5 stars","-"
"453",15,"Ben Skowronek",LAR,"WR150","7","2 out of 5 stars","-"
"454",15,"Freddie Swain",SEA,"WR151","11","4 out of 5 stars","-"
"455",15,"Jalen Wydermyer",NE,"TE62","10","4 out of 5 stars","-"
"456",15,"Le'Veon Bell",FA,"RB128","-","-","-"
"457",15,"Aldrick Rosas",FA,"K39","-","-","-"
"458",15,"Denzel Mims",NYJ,"WR152","10","1 out of 5 stars","-"
"459",15,"Jermar Jefferson",DET,"RB129","6","4 out of 5 stars","-"
"460",15,"DeSean Jackson",FA,"WR153","-","-","-"
"461",15,"Simi Fehoko",DAL,"WR154","9","3 out of 5 stars","-"
"462",15,"Gary Brightwell",NYG,"RB130","9","3 out of 5 stars","-"
"463",15,"Demetric Felton Jr.",CLE,"RB131","9","3 out of 5 stars","-"
"464",15,"Jordan Howard",FA,"RB132","-","-","-110"
"465",15,"Phillip Dorsett II",HOU,"WR155","6","3 out of 5 stars","-"
"466",15,"Kennedy Brooks",PHI,"RB133","7","3 out of 5 stars","-"
"467",15,"Ian Thomas",CAR,"TE63","13","3 out of 5 stars","-"
"468",15,"Royce Freeman",HOU,"RB134","6","3 out of 5 stars","-"
"469",15,"Ryquell Armstead",JAC,"RB135","11","3 out of 5 stars","-"
"470",15,"Durham Smythe",MIA,"TE64","11","3 out of 5 stars","-"
"471",15,"Sam Ficken",FA,"K40","-","-","-"
"472",15,"Carlos Martinez",DAL,"K41","9","5 out of 5 stars","-"
"473",15,"Cyril Grayson Jr.",FA,"WR156","-","-","-"
"474",15,"Qadree Ollison",ATL,"RB136","14","1 out of 5 stars","-"
"475",15,"Justyn Ross",KC,"WR157","8","2 out of 5 stars","-157"
"476",15,"Jimmy Graham",FA,"TE65","-","-","-"
"477",15,"James O'Shaughnessy",CHI,"TE66","14","5 out of 5 stars","-"
"478",15,"Julius Chestnut",TEN,"RB137","6","4 out of 5 stars","-"
"479",15,"Breshad Perriman",TB,"WR158","11","4 out of 5 stars","-111"
"480",15,"Ryan Griffin",CHI,"TE67","14","5 out of 5 stars","-"
"481",15,"Cole Turner",WAS,"TE68","14","4 out of 5 stars","-"
"482",15,"KaVontae Turpin",DAL,"WR159","9","3 out of 5 stars","-"
"483",15,"Jashaun Corbin",NYG,"RB138","9","3 out of 5 stars","-"
"484",15,"Jordan Akins",NYG,"TE69","9","4 out of 5 stars","-"
"485",15,"Blake Bell",KC,"TE70","8","3 out of 5 stars","-"
"486",15,"Larry Rountree III",LAC,"RB139","8","2 out of 5 stars","-"
"487",15,"DeAndre Carter",LAC,"WR160","8","3 out of 5 stars","-"
"488",15,"Jonathan Ward",ARI,"RB140","13","2 out of 5 stars","-"
"489",15,"Tajae Sharpe",CHI,"WR161","14","3 out of 5 stars","-"
"490",15,"Jacob Harris",LAR,"TE71","7","3 out of 5 stars","-"
"491",15,"James McCourt",JAC,"K42","11","4 out of 5 stars","-"
"492",15,"Dennis Houston",DAL,"WR162","9","3 out of 5 stars","-"
"493",15,"JaMycal Hasty",SF,"RB141","9","2 out of 5 stars","-"
"494",15,"Noah Gray",KC,"TE72","8","3 out of 5 stars","-"
"495",15,"Tyler Kroft",SF,"TE73","9","4 out of 5 stars","-"
"496",15,"Nick Vannett",NO,"TE74","14","4 out of 5 stars","-"
"497",15,"Chris Moore",HOU,"WR163","6","3 out of 5 stars","-"
"498",15,"Erik Ezukanma",MIA,"WR164","11","2 out of 5 stars","-"
"499",15,"Andy Dalton",NO,"QB46","14","3 out of 5 stars","-"
"500",15,"Dwayne Washington",NO,"RB142","14","3 out of 5 stars","-"
"501",15,"Tyler Goodson",GB,"RB143","14","3 out of 5 stars","-"
"502",16,"Rico Dowdle",DAL,"RB144","9","4 out of 5 stars","-"
"503",16,"Andrew Jacas",SF,"K43","9","3 out of 5 stars","-"
"504",16,"Charlie Kolar",BAL,"TE75","10","2 out of 5 stars","-"
"505",16,"Tyler Davis",GB,"TE76","14","1 out of 5 stars","-"
"506",16,"Ray-Ray McCloud",SF,"WR165","9","3 out of 5 stars","-"
"507",16,"Maxx Williams",ARI,"TE77","13","3 out of 5 stars","-"
"508",16,"Mike White",NYJ,"QB47","10","1 out of 5 stars","-"
"509",16,"Jake Funk",LAR,"RB145","7","2 out of 5 stars","-167"
"510",16,"Dez Fitzpatrick",TEN,"WR166","6","3 out of 5 stars","-"
"511",16,"Taylor Heinicke",WAS,"QB48","14","4 out of 5 stars","-"
"512",16,"C.J. Ham",MIN,"RB146","7","4 out of 5 stars","-"
"513",16,"Kevin Harris",NE,"RB147","10","4 out of 5 stars","-"
"514",16,"Miles Boykin",PIT,"WR167","9","4 out of 5 stars","-"
"515",16,"Kylin Hill",GB,"RB148","14","3 out of 5 stars","-"
"516",16,"Josh Gordon",KC,"WR168","8","2 out of 5 stars","-"
"517",16,"Ross Dwelley",SF,"TE78","9","4 out of 5 stars","-"
"518",16,"Hunter Long",MIA,"TE79","11","3 out of 5 stars","-"
"519",16,"Zonovan Knight",NYJ,"RB149","10","4 out of 5 stars","-"
"520",16,"Drew Sample",CIN,"TE80","10","2 out of 5 stars","-"
"521",16,"Kyle Allen",HOU,"QB49","6","4 out of 5 stars","-"
"522",16,"Trent Sherfield",MIA,"WR169","11","2 out of 5 stars","-"
"523",16,"Jerrion Ealy",KC,"RB150","8","3 out of 5 stars","-"
"524",16,"Cam Sims",WAS,"WR170","14","4 out of 5 stars","-190"
"525",16,"Johnny Mundt",MIN,"TE81","7","3 out of 5 stars","-"
"526",16,"Montrell Washington",DEN,"WR171","9","4 out of 5 stars","-"
"527",16,"Alec Ingold",MIA,"RB151","11","4 out of 5 stars","-"
"528",16,"J.J. Taylor",NE,"RB152","10","4 out of 5 stars","-"
"529",16,"Bo Melton",SEA,"WR172","11","4 out of 5 stars","-"
"530",16,"Kendall Hinton",DEN,"WR173","9","4 out of 5 stars","-"
"531",16,"Zach Gentry",PIT,"TE82","9","4 out of 5 stars","-"
"532",16,"Kendall Blanton",WAS,"TE83","14","4 out of 5 stars","-"
"533",16,"Damiere Byrd",ATL,"WR174","14","4 out of 5 stars","-"
"534",16,"Marcedes Lewis",GB,"TE84","14","1 out of 5 stars","-"